{
"type": "FeatureCollection",
"name": "road",
"crs": { "type": "name", "properties": { "name": "urn:ogc:def:crs:OGC:1.3:CRS84" } },
"features": [
{ "type": "Feature", "properties": { "osm_id": "97053046", "code": 5121, "fclass": "unclassified", "name": null, "ref": null, "oneway": "B", "maxspeed": 0, "layer": 0, "bridge": "F", "tunnel": "F" }, "geometry": { "type": "MultiLineString", "coordinates": [ [ [ 114.3502788, 30.4793769 ], [ 114.3502311, 30.4792735 ] ] ] } },
{ "type": "Feature", "properties": { "osm_id": "97053047", "code": 5121, "fclass": "unclassified", "name": null, "ref": null, "oneway": "B", "maxspeed": 0, "layer": 0, "bridge": "F", "tunnel": "F" }, "geometry": { "type": "MultiLineString", "coordinates": [ [ [ 114.3501775, 30.4742111 ], [ 114.350977, 30.4742172 ], [ 114.3518977, 30.4742188 ], [ 114.3519597, 30.4742405 ], [ 114.3520181, 30.4742122 ], [ 114.3520649, 30.474124 ], [ 114.3521344, 30.4740154 ], [ 114.3523547, 30.4736713 ] ] ] } },
{ "type": "Feature", "properties": { "osm_id": "97053049", "code": 5115, "fclass": "tertiary", "name": "翠竹路", "ref": null, "oneway": "B", "maxspeed": 0, "layer": 0, "bridge": "F", "tunnel": "F" }, "geometry": { "type": "MultiLineString", "coordinates": [ [ [ 114.3479184, 30.4825958 ], [ 114.3479226, 30.4822156 ], [ 114.3479231, 30.4821771 ], [ 114.3479267, 30.4819276 ], [ 114.3479347, 30.4815717 ], [ 114.3479424, 30.4812623 ], [ 114.3479794, 30.4810057 ], [ 114.3480575, 30.4807241 ], [ 114.3480695, 30.4806832 ] ] ] } },
{ "type": "Feature", "properties": { "osm_id": "97053052", "code": 5115, "fclass": "tertiary", "name": "学院路", "ref": null, "oneway": "B", "maxspeed": 0, "layer": 0, "bridge": "F", "tunnel": "F" }, "geometry": { "type": "MultiLineString", "coordinates": [ [ [ 114.3502358, 30.4783649 ], [ 114.349831, 30.478367 ], [ 114.3496305, 30.4783663 ], [ 114.3494445, 30.4783641 ], [ 114.3492246, 30.4783615 ], [ 114.3486606, 30.4783542 ], [ 114.3482327, 30.4783496 ], [ 114.3481164, 30.4783482 ], [ 114.3477098, 30.4783433 ], [ 114.3471077, 30.4783361 ], [ 114.3467432, 30.4783317 ], [ 114.3464677, 30.4783285 ], [ 114.3460189, 30.478323 ], [ 114.34567, 30.4783188 ], [ 114.3455969, 30.4783179 ], [ 114.345413, 30.4783157 ], [ 114.3452846, 30.4783123 ], [ 114.3450794, 30.4783058 ] ] ] } },
{ "type": "Feature", "properties": { "osm_id": "97053057", "code": 5152, "fclass": "cycleway", "name": null, "ref": null, "oneway": "B", "maxspeed": 0, "layer": 0, "bridge": "F", "tunnel": "F" }, "geometry": { "type": "MultiLineString", "coordinates": [ [ [ 114.3565667, 30.4806226 ], [ 114.3566385, 30.4809244 ], [ 114.356615, 30.4810244 ], [ 114.3560345, 30.481096 ], [ 114.3541784, 30.4812439 ], [ 114.3527085, 30.4811884 ], [ 114.3515176, 30.480985 ], [ 114.3510882, 30.4809056 ], [ 114.3508424, 30.4808601 ] ] ] } },
{ "type": "Feature", "properties": { "osm_id": "97053058", "code": 5121, "fclass": "unclassified", "name": null, "ref": null, "oneway": "B", "maxspeed": 0, "layer": 0, "bridge": "F", "tunnel": "F" }, "geometry": { "type": "MultiLineString", "coordinates": [ [ [ 114.3478393, 30.4794389 ], [ 114.3483578, 30.4793451 ], [ 114.3486587, 30.4793104 ], [ 114.3487858, 30.4792897 ], [ 114.3494547, 30.4787744 ], [ 114.3494445, 30.4783641 ] ] ] } },
{ "type": "Feature", "properties": { "osm_id": "97053059", "code": 5121, "fclass": "unclassified", "name": "学院路", "ref": null, "oneway": "B", "maxspeed": 0, "layer": 0, "bridge": "F", "tunnel": "F" }, "geometry": { "type": "MultiLineString", "coordinates": [ [ [ 114.3502341, 30.4786864 ], [ 114.3513176, 30.4787072 ], [ 114.3517283, 30.4787029 ], [ 114.3524487, 30.4787022 ], [ 114.3531642, 30.4786922 ], [ 114.3540342, 30.4786883 ], [ 114.3545756, 30.4786865 ], [ 114.3546826, 30.478685 ], [ 114.3557482, 30.478687 ], [ 114.3564554, 30.4786865 ] ] ] } },
{ "type": "Feature", "properties": { "osm_id": "97055866", "code": 5122, "fclass": "residential", "name": null, "ref": null, "oneway": "B", "maxspeed": 0, "layer": 0, "bridge": "F", "tunnel": "F" }, "geometry": { "type": "MultiLineString", "coordinates": [ [ [ 114.3478393, 30.4794389 ], [ 114.3477715, 30.4794406 ], [ 114.3471812, 30.4794371 ], [ 114.3470741, 30.4794391 ], [ 114.3464452, 30.4794318 ], [ 114.3460547, 30.4794315 ], [ 114.3453807, 30.4794236 ], [ 114.3454018, 30.4786986 ], [ 114.345413, 30.4783157 ] ] ] } },
{ "type": "Feature", "properties": { "osm_id": "97055872", "code": 5122, "fclass": "residential", "name": null, "ref": null, "oneway": "B", "maxspeed": 0, "layer": 0, "bridge": "F", "tunnel": "F" }, "geometry": { "type": "MultiLineString", "coordinates": [ [ [ 114.3464677, 30.4783285 ], [ 114.3464687, 30.4787063 ], [ 114.3464446, 30.4789845 ], [ 114.3464365, 30.479203 ], [ 114.3464452, 30.4794318 ] ] ] } },
{ "type": "Feature", "properties": { "osm_id": "97055876", "code": 5121, "fclass": "unclassified", "name": null, "ref": null, "oneway": "B", "maxspeed": 0, "layer": 0, "bridge": "F", "tunnel": "F" }, "geometry": { "type": "MultiLineString", "coordinates": [ [ [ 114.3475249, 30.4760029 ], [ 114.3475059, 30.4758753 ], [ 114.3473422, 30.4756061 ], [ 114.3473067, 30.4755441 ], [ 114.3473081, 30.4750929 ], [ 114.3473942, 30.4735369 ] ] ] } },
{ "type": "Feature", "properties": { "osm_id": "97055884", "code": 5115, "fclass": "tertiary", "name": null, "ref": null, "oneway": "B", "maxspeed": 0, "layer": 0, "bridge": "F", "tunnel": "F" }, "geometry": { "type": "MultiLineString", "coordinates": [ [ [ 114.3365498, 30.4805434 ], [ 114.336557, 30.4801345 ], [ 114.3366122, 30.4790536 ], [ 114.3366278, 30.4787473 ], [ 114.3366618, 30.478081 ], [ 114.3366641, 30.4780469 ], [ 114.3366809, 30.4775394 ] ] ] } },
{ "type": "Feature", "properties": { "osm_id": "97055888", "code": 5152, "fclass": "cycleway", "name": null, "ref": null, "oneway": "B", "maxspeed": 0, "layer": 0, "bridge": "F", "tunnel": "F" }, "geometry": { "type": "MultiLineString", "coordinates": [ [ [ 114.3565667, 30.4806226 ], [ 114.3562897, 30.4802059 ] ] ] } },
{ "type": "Feature", "properties": { "osm_id": "97055889", "code": 5121, "fclass": "unclassified", "name": null, "ref": null, "oneway": "B", "maxspeed": 0, "layer": 0, "bridge": "F", "tunnel": "F" }, "geometry": { "type": "MultiLineString", "coordinates": [ [ [ 114.3531642, 30.4786922 ], [ 114.3531674, 30.4783215 ], [ 114.3528952, 30.4783247 ], [ 114.3528437, 30.478273 ], [ 114.3528369, 30.4775324 ], [ 114.3528206, 30.4760035 ], [ 114.352813, 30.4758844 ], [ 114.3528122, 30.4757386 ], [ 114.3528043, 30.4751745 ], [ 114.352798, 30.4747156 ], [ 114.3527824, 30.4741089 ], [ 114.3527755, 30.473841 ], [ 114.3527708, 30.4736713 ] ] ] } },
{ "type": "Feature", "properties": { "osm_id": "97055892", "code": 5121, "fclass": "unclassified", "name": "波里马路", "ref": null, "oneway": "B", "maxspeed": 0, "layer": 0, "bridge": "F", "tunnel": "F" }, "geometry": { "type": "MultiLineString", "coordinates": [ [ [ 114.349018, 30.4735723 ], [ 114.3489955, 30.4741738 ], [ 114.3489981, 30.4744796 ], [ 114.3489987, 30.4745435 ], [ 114.3490009, 30.4748025 ], [ 114.349015, 30.4758914 ], [ 114.3490162, 30.4760001 ] ] ] } },
{ "type": "Feature", "properties": { "osm_id": "97055893", "code": 5124, "fclass": "pedestrian", "name": "梧桐路步行街", "ref": null, "oneway": "B", "maxspeed": 0, "layer": 0, "bridge": "F", "tunnel": "F" }, "geometry": { "type": "MultiLineString", "coordinates": [ [ [ 114.3444449, 30.476024 ], [ 114.3448237, 30.4774827 ], [ 114.3449358, 30.4778294 ], [ 114.3450794, 30.4783058 ] ] ] } },
{ "type": "Feature", "properties": { "osm_id": "97055896", "code": 5121, "fclass": "unclassified", "name": "梧桐路", "ref": null, "oneway": "B", "maxspeed": 0, "layer": 0, "bridge": "F", "tunnel": "F" }, "geometry": { "type": "MultiLineString", "coordinates": [ [ [ 114.3433129, 30.4734636 ], [ 114.3427322, 30.4720365 ], [ 114.3426156, 30.4717499 ], [ 114.3424196, 30.4712681 ], [ 114.3421492, 30.470475 ], [ 114.3421077, 30.4703532 ], [ 114.3420916, 30.4703041 ], [ 114.3420749, 30.4702546 ], [ 114.3418454, 30.4695804 ], [ 114.3415827, 30.4688084 ], [ 114.341057, 30.4680871 ], [ 114.3407576, 30.4673189 ] ] ] } },
{ "type": "Feature", "properties": { "osm_id": "97055902", "code": 5123, "fclass": "living_street", "name": null, "ref": null, "oneway": "B", "maxspeed": 0, "layer": 0, "bridge": "F", "tunnel": "F" }, "geometry": { "type": "MultiLineString", "coordinates": [ [ [ 114.3414157, 30.4789325 ], [ 114.3414163, 30.4788197 ], [ 114.3414009, 30.4785803 ], [ 114.3414006, 30.4783538 ], [ 114.3413932, 30.4780543 ], [ 114.3413959, 30.4778001 ], [ 114.3413988, 30.477532 ], [ 114.3414017, 30.4772593 ], [ 114.3414044, 30.4770107 ], [ 114.3414046, 30.4766452 ], [ 114.3414001, 30.4765544 ] ] ] } },
{ "type": "Feature", "properties": { "osm_id": "97092796", "code": 5123, "fclass": "living_street", "name": null, "ref": null, "oneway": "B", "maxspeed": 0, "layer": 0, "bridge": "F", "tunnel": "F" }, "geometry": { "type": "MultiLineString", "coordinates": [ [ [ 114.3492246, 30.4783615 ], [ 114.3492208, 30.4777458 ], [ 114.349221, 30.4775385 ], [ 114.3496197, 30.4775398 ], [ 114.3497526, 30.4775409 ], [ 114.3502913, 30.4775414 ] ] ] } },
{ "type": "Feature", "properties": { "osm_id": "97092797", "code": 5123, "fclass": "living_street", "name": null, "ref": null, "oneway": "B", "maxspeed": 0, "layer": 0, "bridge": "F", "tunnel": "F" }, "geometry": { "type": "MultiLineString", "coordinates": [ [ [ 114.3497526, 30.4775409 ], [ 114.3497318, 30.4759988 ] ] ] } },
{ "type": "Feature", "properties": { "osm_id": "97094215", "code": 5122, "fclass": "residential", "name": null, "ref": null, "oneway": "B", "maxspeed": 0, "layer": 0, "bridge": "F", "tunnel": "F" }, "geometry": { "type": "MultiLineString", "coordinates": [ [ [ 114.3456411, 30.4760064 ], [ 114.3456535, 30.4742051 ], [ 114.3456891, 30.4734968 ] ] ] } },
{ "type": "Feature", "properties": { "osm_id": "97094216", "code": 5122, "fclass": "residential", "name": null, "ref": null, "oneway": "B", "maxspeed": 0, "layer": 0, "bridge": "F", "tunnel": "F" }, "geometry": { "type": "MultiLineString", "coordinates": [ [ [ 114.3455969, 30.4783179 ], [ 114.3456133, 30.4771915 ], [ 114.3456264, 30.4764702 ], [ 114.3456411, 30.4760064 ] ] ] } },
{ "type": "Feature", "properties": { "osm_id": "97094339", "code": 5121, "fclass": "unclassified", "name": null, "ref": null, "oneway": "B", "maxspeed": 0, "layer": 0, "bridge": "F", "tunnel": "F" }, "geometry": { "type": "MultiLineString", "coordinates": [ [ [ 114.3525473, 30.4793213 ], [ 114.3525086, 30.4793456 ], [ 114.3524628, 30.4793574 ], [ 114.3524149, 30.4793555 ], [ 114.3523706, 30.47934 ], [ 114.3523347, 30.4793127 ], [ 114.3523113, 30.4792767 ], [ 114.3523031, 30.4792384 ], [ 114.3523093, 30.4791998 ], [ 114.3523292, 30.4791648 ], [ 114.3523609, 30.4791369 ], [ 114.352401, 30.479119 ], [ 114.3524472, 30.4791126 ], [ 114.3524924, 30.4791198 ], [ 114.3525339, 30.4791394 ], [ 114.3525656, 30.4791697 ], [ 114.352584, 30.4792073 ], [ 114.3525871, 30.4792481 ], [ 114.3525746, 30.4792874 ], [ 114.3525473, 30.4793213 ] ] ] } },
{ "type": "Feature", "properties": { "osm_id": "97094341", "code": 5121, "fclass": "unclassified", "name": null, "ref": null, "oneway": "B", "maxspeed": 0, "layer": 0, "bridge": "F", "tunnel": "F" }, "geometry": { "type": "MultiLineString", "coordinates": [ [ [ 114.3516742, 30.4792579 ], [ 114.3513398, 30.4792644 ], [ 114.3506621, 30.479275 ], [ 114.3502311, 30.4792735 ], [ 114.3487858, 30.4792897 ] ] ] } },
{ "type": "Feature", "properties": { "osm_id": "98582973", "code": 5123, "fclass": "living_street", "name": null, "ref": null, "oneway": "B", "maxspeed": 0, "layer": 0, "bridge": "F", "tunnel": "F" }, "geometry": { "type": "MultiLineString", "coordinates": [ [ [ 114.3576735, 30.4725556 ], [ 114.3580681, 30.4725549 ], [ 114.3584074, 30.4725544 ], [ 114.3586371, 30.472554 ], [ 114.3594051, 30.4725524 ] ] ] } },
{ "type": "Feature", "properties": { "osm_id": "98582975", "code": 5115, "fclass": "tertiary", "name": "樱花路", "ref": null, "oneway": "B", "maxspeed": 0, "layer": 0, "bridge": "F", "tunnel": "F" }, "geometry": { "type": "MultiLineString", "coordinates": [ [ [ 114.3593924, 30.4784097 ], [ 114.3595267, 30.4774144 ], [ 114.3595946, 30.4770489 ], [ 114.3596213, 30.4769194 ], [ 114.359684, 30.4765339 ], [ 114.359716, 30.4763376 ], [ 114.3597343, 30.4761987 ], [ 114.3597351, 30.4760248 ], [ 114.3597497, 30.4752031 ], [ 114.3597498, 30.4747188 ], [ 114.3597483, 30.4745002 ], [ 114.3597491, 30.4740715 ], [ 114.3597493, 30.473952 ], [ 114.3597352, 30.4735119 ], [ 114.359732, 30.4734546 ], [ 114.359563, 30.472959 ], [ 114.3594051, 30.4725524 ], [ 114.3593051, 30.4723642 ], [ 114.3591629, 30.4720967 ], [ 114.3589602, 30.4716894 ], [ 114.3588002, 30.4713988 ], [ 114.3585828, 30.4710038 ], [ 114.3585426, 30.4709203 ], [ 114.3585287, 30.4708914 ], [ 114.3582464, 30.4702765 ] ] ] } },
{ "type": "Feature", "properties": { "osm_id": "98582978", "code": 5121, "fclass": "unclassified", "name": null, "ref": null, "oneway": "B", "maxspeed": 0, "layer": 0, "bridge": "F", "tunnel": "F" }, "geometry": { "type": "MultiLineString", "coordinates": [ [ [ 114.3532408, 30.4792863 ], [ 114.3537492, 30.4793762 ], [ 114.3542405, 30.4793828 ], [ 114.354902, 30.4793784 ], [ 114.3557232, 30.4793761 ] ] ] } },
{ "type": "Feature", "properties": { "osm_id": "98582979", "code": 5122, "fclass": "residential", "name": null, "ref": null, "oneway": "B", "maxspeed": 0, "layer": 0, "bridge": "F", "tunnel": "F" }, "geometry": { "type": "MultiLineString", "coordinates": [ [ [ 114.3586303, 30.473701 ], [ 114.3583833, 30.4737004 ], [ 114.357637, 30.4737075 ], [ 114.3574624, 30.4737209 ], [ 114.356783, 30.4738814 ] ] ] } },
{ "type": "Feature", "properties": { "osm_id": "98582980", "code": 5121, "fclass": "unclassified", "name": null, "ref": null, "oneway": "B", "maxspeed": 0, "layer": 0, "bridge": "F", "tunnel": "F" }, "geometry": { "type": "MultiLineString", "coordinates": [ [ [ 114.3538994, 30.476005 ], [ 114.3538966, 30.4758824 ], [ 114.3539206, 30.4747911 ], [ 114.3539284, 30.4747315 ], [ 114.3539407, 30.4738903 ], [ 114.3539287, 30.47367 ], [ 114.3539247, 30.4730029 ], [ 114.3539284, 30.4726907 ], [ 114.3539302, 30.4725962 ], [ 114.3539265, 30.4720786 ] ] ] } },
{ "type": "Feature", "properties": { "osm_id": "98582981", "code": 5121, "fclass": "unclassified", "name": null, "ref": null, "oneway": "B", "maxspeed": 0, "layer": 0, "bridge": "F", "tunnel": "F" }, "geometry": { "type": "MultiLineString", "coordinates": [ [ [ 114.3513259, 30.4760074 ], [ 114.3513163, 30.4758871 ], [ 114.350977, 30.4742172 ] ] ] } },
{ "type": "Feature", "properties": { "osm_id": "98582982", "code": 5122, "fclass": "residential", "name": "金菊路（荟园主干道）", "ref": null, "oneway": "B", "maxspeed": 0, "layer": 0, "bridge": "F", "tunnel": "F" }, "geometry": { "type": "MultiLineString", "coordinates": [ [ [ 114.3586385, 30.4734474 ], [ 114.3586303, 30.473701 ], [ 114.3586224, 30.4739449 ], [ 114.3586239, 30.4741486 ], [ 114.3586288, 30.4744986 ], [ 114.3586318, 30.4746136 ], [ 114.358629, 30.4750326 ], [ 114.3586308, 30.4752141 ], [ 114.3586264, 30.4754743 ], [ 114.3586295, 30.4760275 ] ] ] } },
{ "type": "Feature", "properties": { "osm_id": "98582983", "code": 5115, "fclass": "tertiary", "name": null, "ref": null, "oneway": "B", "maxspeed": 0, "layer": 0, "bridge": "F", "tunnel": "F" }, "geometry": { "type": "MultiLineString", "coordinates": [ [ [ 114.3557541, 30.4760255 ], [ 114.35575, 30.4756604 ], [ 114.3557505, 30.4748981 ], [ 114.3557497, 30.474795 ], [ 114.3557654, 30.4738784 ] ] ] } },
{ "type": "Feature", "properties": { "osm_id": "98582985", "code": 5121, "fclass": "unclassified", "name": "丹桂路", "ref": null, "oneway": "B", "maxspeed": 0, "layer": 0, "bridge": "F", "tunnel": "F" }, "geometry": { "type": "MultiLineString", "coordinates": [ [ [ 114.3502164, 30.4759987 ], [ 114.3502166, 30.4758877 ], [ 114.3501844, 30.474478 ], [ 114.3501775, 30.4742111 ], [ 114.350178, 30.4738436 ], [ 114.3501844, 30.4733288 ] ] ] } },
{ "type": "Feature", "properties": { "osm_id": "98582986", "code": 5123, "fclass": "living_street", "name": "红豆路", "ref": null, "oneway": "B", "maxspeed": 0, "layer": 0, "bridge": "F", "tunnel": "F" }, "geometry": { "type": "MultiLineString", "coordinates": [ [ [ 114.3575961, 30.4750367 ], [ 114.3574888, 30.4750413 ], [ 114.3574011, 30.4750721 ], [ 114.3573547, 30.4751119 ], [ 114.3573439, 30.4751759 ], [ 114.3573474, 30.4754839 ], [ 114.3573522, 30.4760307 ] ] ] } },
{ "type": "Feature", "properties": { "osm_id": "98582987", "code": 5121, "fclass": "unclassified", "name": null, "ref": null, "oneway": "B", "maxspeed": 0, "layer": 0, "bridge": "F", "tunnel": "F" }, "geometry": { "type": "MultiLineString", "coordinates": [ [ [ 114.3539287, 30.47367 ], [ 114.3527708, 30.4736713 ], [ 114.3526464, 30.4736678 ], [ 114.3524225, 30.4736713 ], [ 114.3523547, 30.4736713 ], [ 114.3522428, 30.4736688 ], [ 114.3520652, 30.4736665 ], [ 114.3520649, 30.474124 ] ] ] } },
{ "type": "Feature", "properties": { "osm_id": "98582988", "code": 5141, "fclass": "service", "name": null, "ref": null, "oneway": "B", "maxspeed": 0, "layer": 0, "bridge": "F", "tunnel": "F" }, "geometry": { "type": "MultiLineString", "coordinates": [ [ [ 114.3488988, 30.4768089 ], [ 114.3488647, 30.4763385 ], [ 114.3488474, 30.4760052 ] ] ] } },
{ "type": "Feature", "properties": { "osm_id": "98582990", "code": 5121, "fclass": "unclassified", "name": "柑橘路", "ref": null, "oneway": "B", "maxspeed": 0, "layer": 0, "bridge": "F", "tunnel": "F" }, "geometry": { "type": "MultiLineString", "coordinates": [ [ [ 114.3614517, 30.4787253 ], [ 114.3607709, 30.4786201 ], [ 114.3606254, 30.4786026 ] ] ] } },
{ "type": "Feature", "properties": { "osm_id": "98582993", "code": 5121, "fclass": "unclassified", "name": null, "ref": null, "oneway": "B", "maxspeed": 0, "layer": 0, "bridge": "F", "tunnel": "F" }, "geometry": { "type": "MultiLineString", "coordinates": [ [ [ 114.3501844, 30.474478 ], [ 114.3489981, 30.4744796 ] ] ] } },
{ "type": "Feature", "properties": { "osm_id": "98582994", "code": 5115, "fclass": "tertiary", "name": "金菊路", "ref": null, "oneway": "B", "maxspeed": 0, "layer": 0, "bridge": "F", "tunnel": "F" }, "geometry": { "type": "MultiLineString", "coordinates": [ [ [ 114.3581538, 30.47929 ], [ 114.3582615, 30.4792005 ], [ 114.3582627, 30.4790979 ], [ 114.3582625, 30.4789923 ], [ 114.3582547, 30.4784603 ], [ 114.358256, 30.4782602 ], [ 114.3582542, 30.4774375 ], [ 114.3582538, 30.4770564 ], [ 114.3582533, 30.4766726 ], [ 114.3582526, 30.4760314 ] ] ] } },
{ "type": "Feature", "properties": { "osm_id": "98582997", "code": 5121, "fclass": "unclassified", "name": "沿湖东路", "ref": null, "oneway": "B", "maxspeed": 0, "layer": 0, "bridge": "F", "tunnel": "F" }, "geometry": { "type": "MultiLineString", "coordinates": [ [ [ 114.3652534, 30.4833843 ], [ 114.3654994, 30.4832038 ], [ 114.3658516, 30.4831673 ], [ 114.365999, 30.4831251 ], [ 114.3661126, 30.4829717 ], [ 114.3661124, 30.4827868 ], [ 114.3660486, 30.4825784 ], [ 114.3656754, 30.4820431 ], [ 114.3654334, 30.4816214 ], [ 114.3649544, 30.4809654 ], [ 114.3648653, 30.4808433 ], [ 114.3642004, 30.4797817 ], [ 114.3639869, 30.4791817 ], [ 114.3639015, 30.4788702 ], [ 114.3636414, 30.47786 ], [ 114.3635985, 30.4776011 ], [ 114.3637208, 30.4767788 ], [ 114.363695, 30.4766536 ], [ 114.3633758, 30.4761799 ], [ 114.3624982, 30.4749507 ], [ 114.3622867, 30.4746146 ], [ 114.3622742, 30.4745501 ], [ 114.3622851, 30.4744597 ], [ 114.3630212, 30.4731664 ], [ 114.3632948, 30.4726792 ], [ 114.3634056, 30.4725784 ], [ 114.3635126, 30.4724884 ], [ 114.3635552, 30.4724449 ], [ 114.3636074, 30.4721767 ], [ 114.3636403, 30.4718343 ], [ 114.3636346, 30.4716769 ], [ 114.363577, 30.4712578 ], [ 114.3634597, 30.4709502 ], [ 114.363302, 30.4706126 ], [ 114.3632177, 30.4704534 ], [ 114.3628388, 30.4697473 ], [ 114.3625099, 30.4690521 ], [ 114.3622896, 30.4686132 ], [ 114.3622846, 30.4684678 ], [ 114.3624957, 30.4680512 ], [ 114.362495, 30.4679286 ], [ 114.3624463, 30.4677913 ], [ 114.3621151, 30.4675211 ], [ 114.3619125, 30.4672947 ], [ 114.3617607, 30.4672024 ], [ 114.3616175, 30.46715 ] ] ] } },
{ "type": "Feature", "properties": { "osm_id": "98582998", "code": 5155, "fclass": "steps", "name": null, "ref": null, "oneway": "B", "maxspeed": 0, "layer": 0, "bridge": "F", "tunnel": "F" }, "geometry": { "type": "MultiLineString", "coordinates": [ [ [ 114.3524472, 30.4791126 ], [ 114.3524487, 30.4787022 ] ] ] } },
{ "type": "Feature", "properties": { "osm_id": "98582999", "code": 5115, "fclass": "tertiary", "name": "狮子山大道", "ref": null, "oneway": "B", "maxspeed": 0, "layer": 0, "bridge": "F", "tunnel": "F" }, "geometry": { "type": "MultiLineString", "coordinates": [ [ [ 114.3557541, 30.4760255 ], [ 114.3555106, 30.4760216 ], [ 114.3547393, 30.4760129 ], [ 114.3538994, 30.476005 ], [ 114.3534189, 30.4760082 ], [ 114.3528206, 30.4760035 ], [ 114.3520784, 30.4760152 ], [ 114.3519419, 30.4760143 ], [ 114.3513259, 30.4760074 ], [ 114.3507099, 30.475997 ], [ 114.3502164, 30.4759987 ], [ 114.3500677, 30.4759987 ], [ 114.3497318, 30.4759988 ], [ 114.3490162, 30.4760001 ], [ 114.3488474, 30.4760052 ], [ 114.3484055, 30.4760047 ], [ 114.3477246, 30.4760025 ], [ 114.3475249, 30.4760029 ], [ 114.3474117, 30.4760031 ], [ 114.3472626, 30.4760034 ], [ 114.3466833, 30.4760045 ], [ 114.3465768, 30.4760047 ], [ 114.3463934, 30.4760051 ], [ 114.3462677, 30.4760053 ], [ 114.3456817, 30.4760063 ], [ 114.3456411, 30.4760064 ], [ 114.3450608, 30.4759892 ] ] ] } },
{ "type": "Feature", "properties": { "osm_id": "98583001", "code": 5115, "fclass": "tertiary", "name": "学府路", "ref": null, "oneway": "B", "maxspeed": 0, "layer": 0, "bridge": "F", "tunnel": "F" }, "geometry": { "type": "MultiLineString", "coordinates": [ [ [ 114.349018, 30.4735723 ], [ 114.3486759, 30.4735648 ], [ 114.3473942, 30.4735369 ], [ 114.3465044, 30.4735175 ], [ 114.3463891, 30.4735146 ], [ 114.3456891, 30.4734968 ], [ 114.3440021, 30.4734789 ] ] ] } },
{ "type": "Feature", "properties": { "osm_id": "98837265", "code": 5115, "fclass": "tertiary", "name": "翠竹路", "ref": null, "oneway": "B", "maxspeed": 0, "layer": 0, "bridge": "F", "tunnel": "F" }, "geometry": { "type": "MultiLineString", "coordinates": [ [ [ 114.3478393, 30.4794389 ], [ 114.3477927, 30.4791953 ], [ 114.3477791, 30.479111 ], [ 114.3477568, 30.4788635 ], [ 114.3477098, 30.4783433 ], [ 114.347681, 30.4780381 ], [ 114.3476138, 30.4770625 ], [ 114.347611, 30.476969 ], [ 114.3475944, 30.4768011 ], [ 114.3475778, 30.476616 ], [ 114.3475328, 30.4761144 ], [ 114.3475249, 30.4760029 ] ] ] } },
{ "type": "Feature", "properties": { "osm_id": "98841634", "code": 5153, "fclass": "footway", "name": null, "ref": null, "oneway": "B", "maxspeed": 0, "layer": 0, "bridge": "F", "tunnel": "F" }, "geometry": { "type": "MultiLineString", "coordinates": [ [ [ 114.3476781, 30.4765051 ], [ 114.3478569, 30.4765264 ], [ 114.3480527, 30.4764817 ] ] ] } },
{ "type": "Feature", "properties": { "osm_id": "98841635", "code": 5121, "fclass": "unclassified", "name": null, "ref": null, "oneway": "B", "maxspeed": 0, "layer": 0, "bridge": "F", "tunnel": "F" }, "geometry": { "type": "MultiLineString", "coordinates": [ [ [ 114.3484021, 30.4764388 ], [ 114.348403, 30.4762739 ] ] ] } },
{ "type": "Feature", "properties": { "osm_id": "98842740", "code": 5121, "fclass": "unclassified", "name": null, "ref": null, "oneway": "B", "maxspeed": 0, "layer": 0, "bridge": "F", "tunnel": "F" }, "geometry": { "type": "MultiLineString", "coordinates": [ [ [ 114.3608965, 30.4756738 ], [ 114.3610088, 30.4752616 ], [ 114.3609481, 30.4749565 ], [ 114.3607561, 30.4747932 ], [ 114.3607043, 30.4747789 ], [ 114.3604781, 30.4747165 ], [ 114.3597498, 30.4747188 ] ] ] } },
{ "type": "Feature", "properties": { "osm_id": "98842745", "code": 5121, "fclass": "unclassified", "name": null, "ref": null, "oneway": "B", "maxspeed": 0, "layer": 0, "bridge": "F", "tunnel": "F" }, "geometry": { "type": "MultiLineString", "coordinates": [ [ [ 114.3545756, 30.4786865 ], [ 114.3545968, 30.4790803 ] ] ] } },
{ "type": "Feature", "properties": { "osm_id": "98842747", "code": 5153, "fclass": "footway", "name": null, "ref": null, "oneway": "B", "maxspeed": 0, "layer": 0, "bridge": "F", "tunnel": "F" }, "geometry": { "type": "MultiLineString", "coordinates": [ [ [ 114.352798, 30.4747156 ], [ 114.3539284, 30.4747315 ] ] ] } },
{ "type": "Feature", "properties": { "osm_id": "98842756", "code": 5121, "fclass": "unclassified", "name": null, "ref": null, "oneway": "F", "maxspeed": 0, "layer": 0, "bridge": "F", "tunnel": "F" }, "geometry": { "type": "MultiLineString", "coordinates": [ [ [ 114.3542405, 30.4793828 ], [ 114.3545968, 30.4790803 ], [ 114.354902, 30.4793784 ] ] ] } },
{ "type": "Feature", "properties": { "osm_id": "98842757", "code": 5155, "fclass": "steps", "name": null, "ref": null, "oneway": "B", "maxspeed": 0, "layer": 0, "bridge": "F", "tunnel": "F" }, "geometry": { "type": "MultiLineString", "coordinates": [ [ [ 114.3513176, 30.4787072 ], [ 114.3513398, 30.4792644 ], [ 114.3513456, 30.4795495 ] ] ] } },
{ "type": "Feature", "properties": { "osm_id": "98842763", "code": 5155, "fclass": "steps", "name": null, "ref": null, "oneway": "B", "maxspeed": 0, "layer": 0, "bridge": "F", "tunnel": "F" }, "geometry": { "type": "MultiLineString", "coordinates": [ [ [ 114.3512172, 30.480495 ], [ 114.3510882, 30.4809056 ] ] ] } },
{ "type": "Feature", "properties": { "osm_id": "98842768", "code": 5115, "fclass": "tertiary", "name": "学府路", "ref": null, "oneway": "B", "maxspeed": 0, "layer": 0, "bridge": "F", "tunnel": "F" }, "geometry": { "type": "MultiLineString", "coordinates": [ [ [ 114.3585828, 30.4710038 ], [ 114.35848, 30.471022 ], [ 114.3583294, 30.4710507 ], [ 114.3576642, 30.4711602 ], [ 114.357354, 30.471218 ], [ 114.3568784, 30.4713139 ], [ 114.3566432, 30.4713729 ], [ 114.3557553, 30.4715795 ], [ 114.3552859, 30.4716893 ], [ 114.3543253, 30.4719644 ], [ 114.3539265, 30.4720786 ], [ 114.3535252, 30.4722094 ], [ 114.3532345, 30.4722952 ], [ 114.3530184, 30.4723668 ], [ 114.3527256, 30.4724614 ], [ 114.3524863, 30.4725538 ], [ 114.3521151, 30.4727051 ], [ 114.3509919, 30.4731139 ], [ 114.350699, 30.4732052 ], [ 114.3501844, 30.4733288 ], [ 114.3498012, 30.4734124 ], [ 114.349018, 30.4735723 ] ] ] } },
{ "type": "Feature", "properties": { "osm_id": "98842776", "code": 5121, "fclass": "unclassified", "name": null, "ref": null, "oneway": "B", "maxspeed": 0, "layer": 0, "bridge": "F", "tunnel": "F" }, "geometry": { "type": "MultiLineString", "coordinates": [ [ [ 114.3597343, 30.4761987 ], [ 114.3608965, 30.4756738 ], [ 114.3618196, 30.4752571 ], [ 114.3624982, 30.4749507 ] ] ] } },
{ "type": "Feature", "properties": { "osm_id": "98842782", "code": 5121, "fclass": "unclassified", "name": null, "ref": null, "oneway": "B", "maxspeed": 0, "layer": 0, "bridge": "F", "tunnel": "F" }, "geometry": { "type": "MultiLineString", "coordinates": [ [ [ 114.3513456, 30.4795495 ], [ 114.3510679, 30.4797413 ], [ 114.3509164, 30.4798127 ], [ 114.3502302, 30.4799217 ], [ 114.3500478, 30.4799402 ], [ 114.3487575, 30.4803579 ], [ 114.3484864, 30.4804457 ], [ 114.3483869, 30.4804373 ], [ 114.3482998, 30.4803798 ] ] ] } },
{ "type": "Feature", "properties": { "osm_id": "98842790", "code": 5122, "fclass": "residential", "name": null, "ref": null, "oneway": "B", "maxspeed": 0, "layer": 0, "bridge": "F", "tunnel": "F" }, "geometry": { "type": "MultiLineString", "coordinates": [ [ [ 114.3566958, 30.4794159 ], [ 114.3566215, 30.4789285 ] ] ] } },
{ "type": "Feature", "properties": { "osm_id": "98842793", "code": 5121, "fclass": "unclassified", "name": null, "ref": null, "oneway": "B", "maxspeed": 0, "layer": 0, "bridge": "F", "tunnel": "F" }, "geometry": { "type": "MultiLineString", "coordinates": [ [ [ 114.3546851, 30.4747851 ], [ 114.3557497, 30.474795 ] ] ] } },
{ "type": "Feature", "properties": { "osm_id": "98842794", "code": 5121, "fclass": "unclassified", "name": null, "ref": null, "oneway": "B", "maxspeed": 0, "layer": 0, "bridge": "F", "tunnel": "F" }, "geometry": { "type": "MultiLineString", "coordinates": [ [ [ 114.3512083, 30.4767376 ], [ 114.3520844, 30.4767275 ] ] ] } },
{ "type": "Feature", "properties": { "osm_id": "98842796", "code": 5152, "fclass": "cycleway", "name": null, "ref": null, "oneway": "B", "maxspeed": 0, "layer": 0, "bridge": "F", "tunnel": "F" }, "geometry": { "type": "MultiLineString", "coordinates": [ [ [ 114.3510679, 30.4797413 ], [ 114.3510654, 30.4801542 ], [ 114.3512172, 30.480495 ], [ 114.3516678, 30.4806429 ], [ 114.352612, 30.4806337 ], [ 114.3531699, 30.4807631 ], [ 114.3541784, 30.4809203 ], [ 114.3546183, 30.4808648 ], [ 114.3550045, 30.4807539 ], [ 114.35538, 30.4807354 ], [ 114.355777, 30.4807908 ], [ 114.356131, 30.4807539 ], [ 114.3563197, 30.48066 ], [ 114.3565667, 30.4806226 ], [ 114.3567815, 30.4806588 ], [ 114.3570233, 30.4808565 ], [ 114.3574936, 30.4808741 ], [ 114.3585343, 30.4810497 ], [ 114.3593068, 30.4813733 ], [ 114.36009, 30.4815398 ], [ 114.3608303, 30.4816045 ], [ 114.3613345, 30.4816785 ], [ 114.3618602, 30.4816785 ], [ 114.3622894, 30.4817987 ], [ 114.3621714, 30.4820016 ], [ 114.3627293, 30.4822328 ], [ 114.3635446, 30.4822512 ] ] ] } },
{ "type": "Feature", "properties": { "osm_id": "98842797", "code": 5121, "fclass": "unclassified", "name": "学院路", "ref": null, "oneway": "B", "maxspeed": 0, "layer": 0, "bridge": "F", "tunnel": "F" }, "geometry": { "type": "MultiLineString", "coordinates": [ [ [ 114.3564554, 30.4786865 ], [ 114.3566326, 30.4786968 ], [ 114.3567539, 30.4787055 ], [ 114.3581538, 30.47929 ] ] ] } },
{ "type": "Feature", "properties": { "osm_id": "98842799", "code": 5121, "fclass": "unclassified", "name": "松涛路", "ref": null, "oneway": "B", "maxspeed": 0, "layer": 0, "bridge": "F", "tunnel": "F" }, "geometry": { "type": "MultiLineString", "coordinates": [ [ [ 114.3508424, 30.4808601 ], [ 114.3489335, 30.4808209 ], [ 114.3486652, 30.4806678 ], [ 114.3484103, 30.4805472 ], [ 114.3483137, 30.4804639 ], [ 114.3482998, 30.4803798 ], [ 114.3482493, 30.4800756 ], [ 114.3478393, 30.4794389 ] ] ] } },
{ "type": "Feature", "properties": { "osm_id": "98842989", "code": 5121, "fclass": "unclassified", "name": null, "ref": null, "oneway": "B", "maxspeed": 0, "layer": 0, "bridge": "F", "tunnel": "F" }, "geometry": { "type": "MultiLineString", "coordinates": [ [ [ 114.3486587, 30.4793104 ], [ 114.3486593, 30.4789979 ], [ 114.3486597, 30.4787906 ], [ 114.3486602, 30.4785752 ], [ 114.3486606, 30.4783542 ] ] ] } },
{ "type": "Feature", "properties": { "osm_id": "98842991", "code": 5122, "fclass": "residential", "name": null, "ref": null, "oneway": "B", "maxspeed": 0, "layer": 0, "bridge": "F", "tunnel": "F" }, "geometry": { "type": "MultiLineString", "coordinates": [ [ [ 114.3482327, 30.4783496 ], [ 114.3482371, 30.4785774 ], [ 114.3482413, 30.4787903 ], [ 114.3482453, 30.4789971 ] ] ] } },
{ "type": "Feature", "properties": { "osm_id": "98842993", "code": 5153, "fclass": "footway", "name": null, "ref": null, "oneway": "B", "maxspeed": 0, "layer": 0, "bridge": "F", "tunnel": "F" }, "geometry": { "type": "MultiLineString", "coordinates": [ [ [ 114.3494547, 30.4787744 ], [ 114.3498396, 30.4787786 ], [ 114.3502336, 30.4787837 ] ] ] } },
{ "type": "Feature", "properties": { "osm_id": "98842996", "code": 5153, "fclass": "footway", "name": null, "ref": null, "oneway": "B", "maxspeed": 0, "layer": 0, "bridge": "F", "tunnel": "F" }, "geometry": { "type": "MultiLineString", "coordinates": [ [ [ 114.3483517, 30.4789967 ], [ 114.3483578, 30.4793451 ] ] ] } },
{ "type": "Feature", "properties": { "osm_id": "98843968", "code": 5153, "fclass": "footway", "name": null, "ref": null, "oneway": "B", "maxspeed": 0, "layer": 0, "bridge": "F", "tunnel": "F" }, "geometry": { "type": "MultiLineString", "coordinates": [ [ [ 114.3495183, 30.4816304 ], [ 114.3498964, 30.4816259 ] ] ] } },
{ "type": "Feature", "properties": { "osm_id": "98843969", "code": 5122, "fclass": "residential", "name": null, "ref": null, "oneway": "B", "maxspeed": 0, "layer": 0, "bridge": "F", "tunnel": "F" }, "geometry": { "type": "MultiLineString", "coordinates": [ [ [ 114.3499088, 30.4809663 ], [ 114.3499039, 30.4812249 ], [ 114.3498988, 30.4814995 ], [ 114.3498964, 30.4816259 ], [ 114.3498929, 30.4818106 ], [ 114.3498907, 30.4819283 ], [ 114.3498868, 30.4821343 ] ] ] } },
{ "type": "Feature", "properties": { "osm_id": "98843970", "code": 5122, "fclass": "residential", "name": null, "ref": null, "oneway": "B", "maxspeed": 0, "layer": 0, "bridge": "F", "tunnel": "F" }, "geometry": { "type": "MultiLineString", "coordinates": [ [ [ 114.3507408, 30.4818605 ], [ 114.3503267, 30.4818722 ], [ 114.3501336, 30.4818079 ], [ 114.3498929, 30.4818106 ] ] ] } },
{ "type": "Feature", "properties": { "osm_id": "98843972", "code": 5153, "fclass": "footway", "name": null, "ref": null, "oneway": "B", "maxspeed": 0, "layer": 0, "bridge": "F", "tunnel": "F" }, "geometry": { "type": "MultiLineString", "coordinates": [ [ [ 114.3491215, 30.4817662 ], [ 114.3489932, 30.4817738 ], [ 114.3484489, 30.4817933 ] ] ] } },
{ "type": "Feature", "properties": { "osm_id": "98843973", "code": 5153, "fclass": "footway", "name": null, "ref": null, "oneway": "B", "maxspeed": 0, "layer": 0, "bridge": "F", "tunnel": "F" }, "geometry": { "type": "MultiLineString", "coordinates": [ [ [ 114.3490486, 30.4810134 ], [ 114.3489702, 30.4810156 ], [ 114.3489032, 30.481018 ], [ 114.3482187, 30.4810166 ], [ 114.3479794, 30.4810057 ] ] ] } },
{ "type": "Feature", "properties": { "osm_id": "98843975", "code": 5122, "fclass": "residential", "name": null, "ref": null, "oneway": "B", "maxspeed": 0, "layer": 0, "bridge": "F", "tunnel": "F" }, "geometry": { "type": "MultiLineString", "coordinates": [ [ [ 114.3489719, 30.4821892 ], [ 114.3489727, 30.481928 ] ] ] } },
{ "type": "Feature", "properties": { "osm_id": "98843977", "code": 5153, "fclass": "footway", "name": null, "ref": null, "oneway": "B", "maxspeed": 0, "layer": 0, "bridge": "F", "tunnel": "F" }, "geometry": { "type": "MultiLineString", "coordinates": [ [ [ 114.3489727, 30.481928 ], [ 114.3489932, 30.4817738 ], [ 114.3490601, 30.4815551 ] ] ] } },
{ "type": "Feature", "properties": { "osm_id": "98843979", "code": 5153, "fclass": "footway", "name": null, "ref": null, "oneway": "B", "maxspeed": 0, "layer": 0, "bridge": "F", "tunnel": "F" }, "geometry": { "type": "MultiLineString", "coordinates": [ [ [ 114.3490542, 30.4816649 ], [ 114.3490498, 30.4815946 ], [ 114.3490601, 30.4815551 ], [ 114.3491985, 30.4814299 ], [ 114.3492786, 30.4814163 ], [ 114.3493594, 30.4814271 ], [ 114.3494094, 30.4814478 ], [ 114.3494697, 30.4814952 ], [ 114.3494931, 30.4815272 ], [ 114.3495169, 30.4815946 ], [ 114.3495183, 30.4816304 ], [ 114.3494861, 30.4817218 ], [ 114.3494331, 30.4817754 ], [ 114.3493256, 30.4818185 ], [ 114.3492439, 30.4818189 ], [ 114.349167, 30.4817952 ], [ 114.3491215, 30.4817662 ], [ 114.3490729, 30.4817096 ], [ 114.3490542, 30.4816649 ] ] ] } },
{ "type": "Feature", "properties": { "osm_id": "98843980", "code": 5155, "fclass": "steps", "name": null, "ref": null, "oneway": "B", "maxspeed": 0, "layer": 0, "bridge": "F", "tunnel": "F" }, "geometry": { "type": "MultiLineString", "coordinates": [ [ [ 114.3491209, 30.4812266 ], [ 114.3491148, 30.4813918 ] ] ] } },
{ "type": "Feature", "properties": { "osm_id": "98843981", "code": 5152, "fclass": "cycleway", "name": null, "ref": null, "oneway": "B", "maxspeed": 0, "layer": 0, "bridge": "F", "tunnel": "F" }, "geometry": { "type": "MultiLineString", "coordinates": [ [ [ 114.3510654, 30.4801542 ], [ 114.3501872, 30.4802453 ], [ 114.3494899, 30.4803563 ], [ 114.3489963, 30.4804672 ], [ 114.3487925, 30.4805412 ], [ 114.3486652, 30.4806678 ] ] ] } },
{ "type": "Feature", "properties": { "osm_id": "98843982", "code": 5122, "fclass": "residential", "name": null, "ref": null, "oneway": "B", "maxspeed": 0, "layer": 0, "bridge": "F", "tunnel": "F" }, "geometry": { "type": "MultiLineString", "coordinates": [ [ [ 114.3472246, 30.4819273 ], [ 114.3479267, 30.4819276 ], [ 114.3480931, 30.4819276 ], [ 114.3489727, 30.481928 ], [ 114.3498907, 30.4819283 ] ] ] } },
{ "type": "Feature", "properties": { "osm_id": "98843983", "code": 5152, "fclass": "cycleway", "name": null, "ref": null, "oneway": "B", "maxspeed": 0, "layer": 0, "bridge": "F", "tunnel": "F" }, "geometry": { "type": "MultiLineString", "coordinates": [ [ [ 114.3565667, 30.4806226 ], [ 114.3558413, 30.4805782 ], [ 114.3553478, 30.4804487 ], [ 114.3545217, 30.4803563 ], [ 114.3536741, 30.4803285 ], [ 114.3531055, 30.480347 ], [ 114.3521935, 30.4804117 ], [ 114.3512172, 30.480495 ] ] ] } },
{ "type": "Feature", "properties": { "osm_id": "98843984", "code": 5122, "fclass": "residential", "name": null, "ref": null, "oneway": "B", "maxspeed": 0, "layer": 0, "bridge": "F", "tunnel": "F" }, "geometry": { "type": "MultiLineString", "coordinates": [ [ [ 114.350755, 30.4812229 ], [ 114.3499039, 30.4812249 ], [ 114.3491209, 30.4812266 ], [ 114.3490455, 30.4812213 ], [ 114.3490486, 30.4810134 ], [ 114.3491129, 30.4809633 ], [ 114.3499088, 30.4809663 ], [ 114.3505499, 30.4809652 ], [ 114.3507052, 30.4810393 ], [ 114.350755, 30.4812229 ], [ 114.3507503, 30.4814987 ], [ 114.350743, 30.4817423 ], [ 114.3507408, 30.4818605 ], [ 114.350738, 30.4819778 ], [ 114.3507344, 30.4821495 ], [ 114.3501802, 30.4821664 ], [ 114.3501098, 30.48213 ], [ 114.3498868, 30.4821343 ] ] ] } },
{ "type": "Feature", "properties": { "osm_id": "98843985", "code": 5153, "fclass": "footway", "name": null, "ref": null, "oneway": "B", "maxspeed": 0, "layer": 0, "bridge": "F", "tunnel": "F" }, "geometry": { "type": "MultiLineString", "coordinates": [ [ [ 114.3485988, 30.4810575 ], [ 114.3482187, 30.4810166 ] ] ] } },
{ "type": "Feature", "properties": { "osm_id": "98843986", "code": 5122, "fclass": "residential", "name": null, "ref": null, "oneway": "B", "maxspeed": 0, "layer": 0, "bridge": "F", "tunnel": "F" }, "geometry": { "type": "MultiLineString", "coordinates": [ [ [ 114.3507503, 30.4814987 ], [ 114.3498988, 30.4814995 ] ] ] } },
{ "type": "Feature", "properties": { "osm_id": "98845194", "code": 5123, "fclass": "living_street", "name": null, "ref": null, "oneway": "B", "maxspeed": 0, "layer": 0, "bridge": "F", "tunnel": "F" }, "geometry": { "type": "MultiLineString", "coordinates": [ [ [ 114.3399152, 30.4803213 ], [ 114.3399896, 30.4800505 ], [ 114.340016, 30.4798489 ], [ 114.3400705, 30.4794317 ], [ 114.340046, 30.4793424 ] ] ] } },
{ "type": "Feature", "properties": { "osm_id": "98845197", "code": 5123, "fclass": "living_street", "name": null, "ref": null, "oneway": "B", "maxspeed": 0, "layer": 0, "bridge": "F", "tunnel": "F" }, "geometry": { "type": "MultiLineString", "coordinates": [ [ [ 114.3367861, 30.4787484 ], [ 114.3374808, 30.4787479 ], [ 114.3382868, 30.4787473 ], [ 114.3385282, 30.4786571 ], [ 114.3391103, 30.478351 ], [ 114.3393073, 30.4783483 ], [ 114.3395394, 30.4783452 ], [ 114.3405533, 30.478333 ], [ 114.3414006, 30.4783538 ], [ 114.3422452, 30.4783424 ], [ 114.3422594, 30.4780522 ], [ 114.3422721, 30.4777932 ], [ 114.3422806, 30.4776194 ], [ 114.3421951, 30.4775096 ], [ 114.3421949, 30.477243 ], [ 114.3421948, 30.4769999 ], [ 114.3414044, 30.4770107 ] ] ] } },
{ "type": "Feature", "properties": { "osm_id": "98845201", "code": 5123, "fclass": "living_street", "name": null, "ref": null, "oneway": "B", "maxspeed": 0, "layer": 0, "bridge": "F", "tunnel": "F" }, "geometry": { "type": "MultiLineString", "coordinates": [ [ [ 114.3395462, 30.4776915 ], [ 114.340559, 30.4776949 ] ] ] } },
{ "type": "Feature", "properties": { "osm_id": "98845202", "code": 5123, "fclass": "living_street", "name": null, "ref": null, "oneway": "B", "maxspeed": 0, "layer": 0, "bridge": "F", "tunnel": "F" }, "geometry": { "type": "MultiLineString", "coordinates": [ [ [ 114.3422721, 30.4777932 ], [ 114.3413959, 30.4778001 ], [ 114.3405573, 30.4777875 ] ] ] } },
{ "type": "Feature", "properties": { "osm_id": "98845204", "code": 5123, "fclass": "living_street", "name": null, "ref": null, "oneway": "B", "maxspeed": 0, "layer": 0, "bridge": "F", "tunnel": "F" }, "geometry": { "type": "MultiLineString", "coordinates": [ [ [ 114.3395394, 30.4783452 ], [ 114.3395425, 30.4780493 ], [ 114.3395462, 30.4776915 ], [ 114.3395496, 30.477366 ], [ 114.3395523, 30.4771117 ], [ 114.3395585, 30.4770205 ] ] ] } },
{ "type": "Feature", "properties": { "osm_id": "98845205", "code": 5123, "fclass": "living_street", "name": null, "ref": null, "oneway": "B", "maxspeed": 0, "layer": 0, "bridge": "F", "tunnel": "F" }, "geometry": { "type": "MultiLineString", "coordinates": [ [ [ 114.3421949, 30.477243 ], [ 114.3414017, 30.4772593 ], [ 114.3405663, 30.4772603 ] ] ] } },
{ "type": "Feature", "properties": { "osm_id": "98845206", "code": 5123, "fclass": "living_street", "name": null, "ref": null, "oneway": "B", "maxspeed": 0, "layer": 0, "bridge": "F", "tunnel": "F" }, "geometry": { "type": "MultiLineString", "coordinates": [ [ [ 114.3422594, 30.4780522 ], [ 114.3413932, 30.4780543 ], [ 114.3405525, 30.4780468 ], [ 114.3395425, 30.4780493 ], [ 114.339121, 30.478054 ], [ 114.3390459, 30.478054 ], [ 114.3389922, 30.4780123 ], [ 114.3389762, 30.4779338 ], [ 114.3389762, 30.4774344 ], [ 114.339003, 30.4773882 ], [ 114.3390673, 30.4773651 ], [ 114.3395496, 30.477366 ], [ 114.3405649, 30.477376 ] ] ] } },
{ "type": "Feature", "properties": { "osm_id": "98845210", "code": 5123, "fclass": "living_street", "name": null, "ref": null, "oneway": "B", "maxspeed": 0, "layer": 0, "bridge": "F", "tunnel": "F" }, "geometry": { "type": "MultiLineString", "coordinates": [ [ [ 114.3421951, 30.4775096 ], [ 114.3413988, 30.477532 ], [ 114.3405621, 30.4775285 ] ] ] } },
{ "type": "Feature", "properties": { "osm_id": "98845211", "code": 5123, "fclass": "living_street", "name": null, "ref": null, "oneway": "B", "maxspeed": 0, "layer": 0, "bridge": "F", "tunnel": "F" }, "geometry": { "type": "MultiLineString", "coordinates": [ [ [ 114.3405599, 30.4785642 ], [ 114.3414009, 30.4785803 ] ] ] } },
{ "type": "Feature", "properties": { "osm_id": "98845212", "code": 5123, "fclass": "living_street", "name": null, "ref": null, "oneway": "B", "maxspeed": 0, "layer": 0, "bridge": "F", "tunnel": "F" }, "geometry": { "type": "MultiLineString", "coordinates": [ [ [ 114.3412453, 30.4803701 ], [ 114.3405882, 30.4803718 ], [ 114.3399152, 30.4803213 ], [ 114.3397634, 30.4802352 ] ] ] } },
{ "type": "Feature", "properties": { "osm_id": "98845213", "code": 5123, "fclass": "living_street", "name": null, "ref": null, "oneway": "B", "maxspeed": 0, "layer": 0, "bridge": "F", "tunnel": "F" }, "geometry": { "type": "MultiLineString", "coordinates": [ [ [ 114.3407038, 30.4800301 ], [ 114.340716, 30.4799395 ], [ 114.3407362, 30.4797904 ], [ 114.3407552, 30.4796494 ], [ 114.3408108, 30.4792375 ], [ 114.3408245, 30.4791298 ] ] ] } },
{ "type": "Feature", "properties": { "osm_id": "98845214", "code": 5123, "fclass": "living_street", "name": null, "ref": null, "oneway": "B", "maxspeed": 0, "layer": 0, "bridge": "F", "tunnel": "F" }, "geometry": { "type": "MultiLineString", "coordinates": [ [ [ 114.3414044, 30.4770107 ], [ 114.3405694, 30.477008 ], [ 114.3405663, 30.4772603 ], [ 114.3405649, 30.477376 ], [ 114.3405621, 30.4775285 ], [ 114.340559, 30.4776949 ], [ 114.3405573, 30.4777875 ], [ 114.3405525, 30.4780468 ], [ 114.3405533, 30.478333 ], [ 114.3405599, 30.4785642 ], [ 114.3405735, 30.4787526 ] ] ] } },
{ "type": "Feature", "properties": { "osm_id": "98845217", "code": 5155, "fclass": "steps", "name": null, "ref": null, "oneway": "B", "maxspeed": 0, "layer": 0, "bridge": "F", "tunnel": "F" }, "geometry": { "type": "MultiLineString", "coordinates": [ [ [ 114.3406256, 30.4801702 ], [ 114.3407038, 30.4800301 ] ] ] } },
{ "type": "Feature", "properties": { "osm_id": "98845794", "code": 5152, "fclass": "cycleway", "name": null, "ref": null, "oneway": "B", "maxspeed": 0, "layer": 0, "bridge": "F", "tunnel": "F" }, "geometry": { "type": "MultiLineString", "coordinates": [ [ [ 114.3472284, 30.4809332 ], [ 114.3471673, 30.4809018 ], [ 114.3471191, 30.4807169 ], [ 114.3470171, 30.4805551 ], [ 114.3465773, 30.4803979 ], [ 114.3463305, 30.4803609 ], [ 114.3461964, 30.4802869 ], [ 114.346014, 30.4800789 ], [ 114.3458155, 30.4800327 ], [ 114.3454454, 30.4800789 ], [ 114.3451557, 30.4800974 ], [ 114.3447051, 30.4801529 ], [ 114.3443971, 30.4801454 ], [ 114.3443242, 30.4801436 ], [ 114.3433372, 30.4801436 ], [ 114.3428812, 30.4802268 ], [ 114.3425593, 30.4802083 ], [ 114.3417922, 30.4804117 ], [ 114.3412523, 30.4805844 ], [ 114.3411278, 30.4807188 ], [ 114.3410951, 30.480777 ], [ 114.3409663, 30.480814 ], [ 114.3402314, 30.4808602 ], [ 114.3395501, 30.4808463 ], [ 114.3387991, 30.480777 ], [ 114.3386543, 30.4807492 ], [ 114.3379891, 30.48074 ], [ 114.3376458, 30.4806105 ] ] ] } },
{ "type": "Feature", "properties": { "osm_id": "98845798", "code": 5153, "fclass": "footway", "name": null, "ref": null, "oneway": "B", "maxspeed": 0, "layer": 0, "bridge": "F", "tunnel": "F" }, "geometry": { "type": "MultiLineString", "coordinates": [ [ [ 114.3453807, 30.4794236 ], [ 114.3449894, 30.4794455 ], [ 114.3447051, 30.4801529 ] ] ] } },
{ "type": "Feature", "properties": { "osm_id": "98845799", "code": 5155, "fclass": "steps", "name": null, "ref": null, "oneway": "B", "maxspeed": 0, "layer": 0, "bridge": "F", "tunnel": "F" }, "geometry": { "type": "MultiLineString", "coordinates": [ [ [ 114.3434283, 30.4787012 ], [ 114.3435529, 30.478704 ] ] ] } },
{ "type": "Feature", "properties": { "osm_id": "98845800", "code": 5152, "fclass": "cycleway", "name": null, "ref": null, "oneway": "B", "maxspeed": 0, "layer": 0, "bridge": "F", "tunnel": "F" }, "geometry": { "type": "MultiLineString", "coordinates": [ [ [ 114.3470171, 30.4805551 ], [ 114.3467811, 30.4806198 ], [ 114.3464592, 30.4806337 ], [ 114.3460676, 30.4806984 ], [ 114.3457511, 30.4807631 ], [ 114.3454937, 30.4807076 ], [ 114.3451825, 30.4806568 ], [ 114.3448714, 30.4807446 ], [ 114.3446514, 30.4808278 ], [ 114.3442813, 30.4808463 ], [ 114.3437985, 30.4807169 ], [ 114.3435356, 30.4806475 ], [ 114.3431118, 30.4806891 ], [ 114.342849, 30.4807122 ], [ 114.3424413, 30.4806891 ], [ 114.3419639, 30.4807261 ], [ 114.3416098, 30.4807307 ], [ 114.3413472, 30.4807076 ], [ 114.3411278, 30.4807188 ] ] ] } },
{ "type": "Feature", "properties": { "osm_id": "98845802", "code": 5153, "fclass": "footway", "name": null, "ref": null, "oneway": "B", "maxspeed": 0, "layer": 0, "bridge": "F", "tunnel": "F" }, "geometry": { "type": "MultiLineString", "coordinates": [ [ [ 114.3435571, 30.4790202 ], [ 114.3435946, 30.4791496 ], [ 114.3442008, 30.4791404 ], [ 114.344376, 30.479446 ], [ 114.3443971, 30.4801454 ] ] ] } },
{ "type": "Feature", "properties": { "osm_id": "98845805", "code": 5121, "fclass": "unclassified", "name": null, "ref": null, "oneway": "B", "maxspeed": 0, "layer": 0, "bridge": "F", "tunnel": "F" }, "geometry": { "type": "MultiLineString", "coordinates": [ [ [ 114.3447833, 30.4783143 ], [ 114.344771, 30.478475 ], [ 114.3443135, 30.4784784 ], [ 114.3443069, 30.4783065 ] ] ] } },
{ "type": "Feature", "properties": { "osm_id": "98845806", "code": 5121, "fclass": "unclassified", "name": null, "ref": null, "oneway": "B", "maxspeed": 0, "layer": 0, "bridge": "F", "tunnel": "F" }, "geometry": { "type": "MultiLineString", "coordinates": [ [ [ 114.3430153, 30.4788584 ], [ 114.3430075, 30.4787012 ], [ 114.343005, 30.4786695 ], [ 114.3430017, 30.4784836 ] ] ] } },
{ "type": "Feature", "properties": { "osm_id": "98845807", "code": 5155, "fclass": "steps", "name": null, "ref": null, "oneway": "B", "maxspeed": 0, "layer": 0, "bridge": "F", "tunnel": "F" }, "geometry": { "type": "MultiLineString", "coordinates": [ [ [ 114.3412523, 30.4805844 ], [ 114.3413419, 30.4803748 ], [ 114.3412453, 30.4803701 ], [ 114.3413519, 30.4802999 ], [ 114.3413814, 30.4801936 ], [ 114.3413305, 30.4801335 ] ] ] } },
{ "type": "Feature", "properties": { "osm_id": "98845809", "code": 5141, "fclass": "service", "name": null, "ref": null, "oneway": "B", "maxspeed": 0, "layer": 0, "bridge": "F", "tunnel": "F" }, "geometry": { "type": "MultiLineString", "coordinates": [ [ [ 114.344771, 30.478475 ], [ 114.3447615, 30.4786362 ] ] ] } },
{ "type": "Feature", "properties": { "osm_id": "98845810", "code": 5121, "fclass": "unclassified", "name": null, "ref": null, "oneway": "B", "maxspeed": 0, "layer": 0, "bridge": "F", "tunnel": "F" }, "geometry": { "type": "MultiLineString", "coordinates": [ [ [ 114.3425325, 30.479108 ], [ 114.3434498, 30.4791034 ], [ 114.3435142, 30.4790803 ], [ 114.3435571, 30.4790202 ], [ 114.3435529, 30.478704 ], [ 114.3435517, 30.4786134 ], [ 114.3435976, 30.4785768 ], [ 114.3441617, 30.4785537 ], [ 114.3443135, 30.4784784 ] ] ] } },
{ "type": "Feature", "properties": { "osm_id": "98845813", "code": 5121, "fclass": "unclassified", "name": null, "ref": null, "oneway": "B", "maxspeed": 0, "layer": 0, "bridge": "F", "tunnel": "F" }, "geometry": { "type": "MultiLineString", "coordinates": [ [ [ 114.3425965, 30.4788552 ], [ 114.342597, 30.4787497 ], [ 114.3426371, 30.4787119 ], [ 114.3430075, 30.4787012 ], [ 114.3434283, 30.4787012 ] ] ] } },
{ "type": "Feature", "properties": { "osm_id": "99001160", "code": 5121, "fclass": "unclassified", "name": null, "ref": null, "oneway": "B", "maxspeed": 0, "layer": 0, "bridge": "F", "tunnel": "F" }, "geometry": { "type": "MultiLineString", "coordinates": [ [ [ 114.3462931, 30.4761537 ], [ 114.3464702, 30.4761861 ], [ 114.3465666, 30.4761903 ], [ 114.3466847, 30.4761954 ], [ 114.3468457, 30.4761769 ] ] ] } },
{ "type": "Feature", "properties": { "osm_id": "99001161", "code": 5121, "fclass": "unclassified", "name": null, "ref": null, "oneway": "B", "maxspeed": 0, "layer": 0, "bridge": "F", "tunnel": "F" }, "geometry": { "type": "MultiLineString", "coordinates": [ [ [ 114.3486661, 30.4780342 ], [ 114.3481108, 30.4780364 ], [ 114.347681, 30.4780381 ] ] ] } },
{ "type": "Feature", "properties": { "osm_id": "99001162", "code": 5153, "fclass": "footway", "name": null, "ref": null, "oneway": "B", "maxspeed": 0, "layer": 0, "bridge": "F", "tunnel": "F" }, "geometry": { "type": "MultiLineString", "coordinates": [ [ [ 114.3475778, 30.476616 ], [ 114.3476781, 30.4765051 ], [ 114.347665, 30.4762479 ], [ 114.347659, 30.4761171 ], [ 114.3477254, 30.4761168 ] ] ] } },
{ "type": "Feature", "properties": { "osm_id": "99001164", "code": 5121, "fclass": "unclassified", "name": null, "ref": null, "oneway": "B", "maxspeed": 0, "layer": 0, "bridge": "F", "tunnel": "F" }, "geometry": { "type": "MultiLineString", "coordinates": [ [ [ 114.3465666, 30.4761903 ], [ 114.3465732, 30.4760705 ], [ 114.3465768, 30.4760047 ] ] ] } },
{ "type": "Feature", "properties": { "osm_id": "99001165", "code": 5153, "fclass": "footway", "name": null, "ref": null, "oneway": "B", "maxspeed": 0, "layer": 0, "bridge": "F", "tunnel": "F" }, "geometry": { "type": "MultiLineString", "coordinates": [ [ [ 114.3485609, 30.4774281 ], [ 114.3485549, 30.4770112 ], [ 114.3485542, 30.4769686 ] ] ] } },
{ "type": "Feature", "properties": { "osm_id": "99001166", "code": 5153, "fclass": "footway", "name": null, "ref": null, "oneway": "B", "maxspeed": 0, "layer": 0, "bridge": "F", "tunnel": "F" }, "geometry": { "type": "MultiLineString", "coordinates": [ [ [ 114.3488647, 30.4763385 ], [ 114.3489592, 30.4764069 ], [ 114.3490075, 30.4765282 ], [ 114.3490343, 30.4766623 ], [ 114.3489914, 30.4767686 ], [ 114.3490343, 30.4768565 ], [ 114.3489968, 30.4769998 ], [ 114.3488359, 30.4771015 ], [ 114.3487393, 30.4772217 ], [ 114.3487178, 30.4773419 ] ] ] } },
{ "type": "Feature", "properties": { "osm_id": "99001168", "code": 5155, "fclass": "steps", "name": null, "ref": null, "oneway": "B", "maxspeed": 0, "layer": 0, "bridge": "F", "tunnel": "F" }, "geometry": { "type": "MultiLineString", "coordinates": [ [ [ 114.3487178, 30.4773419 ], [ 114.3486481, 30.4774251 ] ] ] } },
{ "type": "Feature", "properties": { "osm_id": "99001171", "code": 5121, "fclass": "unclassified", "name": null, "ref": null, "oneway": "B", "maxspeed": 0, "layer": 0, "bridge": "F", "tunnel": "F" }, "geometry": { "type": "MultiLineString", "coordinates": [ [ [ 114.3484242, 30.4767766 ], [ 114.3479715, 30.4767703 ], [ 114.3478833, 30.4767771 ], [ 114.3475944, 30.4768011 ] ] ] } },
{ "type": "Feature", "properties": { "osm_id": "99001172", "code": 5121, "fclass": "unclassified", "name": null, "ref": null, "oneway": "B", "maxspeed": 0, "layer": 0, "bridge": "F", "tunnel": "F" }, "geometry": { "type": "MultiLineString", "coordinates": [ [ [ 114.3477254, 30.4761168 ], [ 114.3477246, 30.4760025 ] ] ] } },
{ "type": "Feature", "properties": { "osm_id": "99001175", "code": 5121, "fclass": "unclassified", "name": null, "ref": null, "oneway": "B", "maxspeed": 0, "layer": 0, "bridge": "F", "tunnel": "F" }, "geometry": { "type": "MultiLineString", "coordinates": [ [ [ 114.3483892, 30.477434 ], [ 114.3485609, 30.4774281 ], [ 114.3486481, 30.4774251 ], [ 114.3486647, 30.4777433 ], [ 114.3486661, 30.4780342 ], [ 114.3486606, 30.4783542 ] ] ] } },
{ "type": "Feature", "properties": { "osm_id": "99001692", "code": 5122, "fclass": "residential", "name": null, "ref": null, "oneway": "B", "maxspeed": 0, "layer": 0, "bridge": "F", "tunnel": "F" }, "geometry": { "type": "MultiLineString", "coordinates": [ [ [ 114.3460547, 30.4794315 ], [ 114.3460303, 30.479203 ], [ 114.3460177, 30.4789764 ], [ 114.3460146, 30.4786986 ], [ 114.3460189, 30.478323 ] ] ] } },
{ "type": "Feature", "properties": { "osm_id": "99001693", "code": 5153, "fclass": "footway", "name": null, "ref": null, "oneway": "B", "maxspeed": 0, "layer": 0, "bridge": "F", "tunnel": "F" }, "geometry": { "type": "MultiLineString", "coordinates": [ [ [ 114.3464446, 30.4789845 ], [ 114.3464711, 30.4793241 ], [ 114.3470748, 30.4793253 ] ] ] } },
{ "type": "Feature", "properties": { "osm_id": "99001694", "code": 5122, "fclass": "residential", "name": null, "ref": null, "oneway": "B", "maxspeed": 0, "layer": 0, "bridge": "F", "tunnel": "F" }, "geometry": { "type": "MultiLineString", "coordinates": [ [ [ 114.3464446, 30.4789845 ], [ 114.3460177, 30.4789764 ] ] ] } },
{ "type": "Feature", "properties": { "osm_id": "99001695", "code": 5155, "fclass": "steps", "name": null, "ref": null, "oneway": "B", "maxspeed": 0, "layer": 0, "bridge": "F", "tunnel": "F" }, "geometry": { "type": "MultiLineString", "coordinates": [ [ [ 114.3471184, 30.4791022 ], [ 114.347071, 30.4791866 ] ] ] } },
{ "type": "Feature", "properties": { "osm_id": "99001696", "code": 5153, "fclass": "footway", "name": null, "ref": null, "oneway": "B", "maxspeed": 0, "layer": 0, "bridge": "F", "tunnel": "F" }, "geometry": { "type": "MultiLineString", "coordinates": [ [ [ 114.3471184, 30.4791022 ], [ 114.3471081, 30.4788647 ], [ 114.3471023, 30.478734 ], [ 114.3471294, 30.4787014 ], [ 114.3471077, 30.4783361 ] ] ] } },
{ "type": "Feature", "properties": { "osm_id": "99001697", "code": 5122, "fclass": "residential", "name": null, "ref": null, "oneway": "B", "maxspeed": 0, "layer": 0, "bridge": "F", "tunnel": "F" }, "geometry": { "type": "MultiLineString", "coordinates": [ [ [ 114.347071, 30.4791866 ], [ 114.3477927, 30.4791953 ] ] ] } },
{ "type": "Feature", "properties": { "osm_id": "99001698", "code": 5155, "fclass": "steps", "name": null, "ref": null, "oneway": "B", "maxspeed": 0, "layer": 0, "bridge": "F", "tunnel": "F" }, "geometry": { "type": "MultiLineString", "coordinates": [ [ [ 114.3481164, 30.4783482 ], [ 114.3481108, 30.4780364 ] ] ] } },
{ "type": "Feature", "properties": { "osm_id": "99001699", "code": 5153, "fclass": "footway", "name": null, "ref": null, "oneway": "B", "maxspeed": 0, "layer": 0, "bridge": "F", "tunnel": "F" }, "geometry": { "type": "MultiLineString", "coordinates": [ [ [ 114.3470741, 30.4794391 ], [ 114.3470748, 30.4793253 ], [ 114.347071, 30.4791866 ], [ 114.3464446, 30.4789845 ] ] ] } },
{ "type": "Feature", "properties": { "osm_id": "99001700", "code": 5153, "fclass": "footway", "name": null, "ref": null, "oneway": "B", "maxspeed": 0, "layer": 0, "bridge": "F", "tunnel": "F" }, "geometry": { "type": "MultiLineString", "coordinates": [ [ [ 114.3465984, 30.4788495 ], [ 114.3465927, 30.478703 ] ] ] } },
{ "type": "Feature", "properties": { "osm_id": "99001701", "code": 5122, "fclass": "residential", "name": null, "ref": null, "oneway": "B", "maxspeed": 0, "layer": 0, "bridge": "F", "tunnel": "F" }, "geometry": { "type": "MultiLineString", "coordinates": [ [ [ 114.3477791, 30.479111 ], [ 114.3475155, 30.4791113 ], [ 114.3471184, 30.4791022 ] ] ] } },
{ "type": "Feature", "properties": { "osm_id": "99001702", "code": 5153, "fclass": "footway", "name": null, "ref": null, "oneway": "B", "maxspeed": 0, "layer": 0, "bridge": "F", "tunnel": "F" }, "geometry": { "type": "MultiLineString", "coordinates": [ [ [ 114.3467432, 30.4783317 ], [ 114.3467482, 30.4784791 ], [ 114.3467491, 30.478507 ], [ 114.3469208, 30.4785116 ], [ 114.3469135, 30.4787206 ], [ 114.3465927, 30.478703 ], [ 114.3465718, 30.4787036 ], [ 114.3464687, 30.4787063 ] ] ] } },
{ "type": "Feature", "properties": { "osm_id": "99002085", "code": 5122, "fclass": "residential", "name": null, "ref": null, "oneway": "B", "maxspeed": 0, "layer": 0, "bridge": "F", "tunnel": "F" }, "geometry": { "type": "MultiLineString", "coordinates": [ [ [ 114.3451398, 30.4771986 ], [ 114.3456133, 30.4771915 ], [ 114.3461107, 30.477194 ] ] ] } },
{ "type": "Feature", "properties": { "osm_id": "99002087", "code": 5122, "fclass": "residential", "name": null, "ref": null, "oneway": "B", "maxspeed": 0, "layer": 0, "bridge": "F", "tunnel": "F" }, "geometry": { "type": "MultiLineString", "coordinates": [ [ [ 114.3471081, 30.4788647 ], [ 114.3475162, 30.4788629 ], [ 114.3475155, 30.4791113 ] ] ] } },
{ "type": "Feature", "properties": { "osm_id": "99002088", "code": 5122, "fclass": "residential", "name": null, "ref": null, "oneway": "B", "maxspeed": 0, "layer": 0, "bridge": "F", "tunnel": "F" }, "geometry": { "type": "MultiLineString", "coordinates": [ [ [ 114.3464365, 30.479203 ], [ 114.3460303, 30.479203 ] ] ] } },
{ "type": "Feature", "properties": { "osm_id": "99002089", "code": 5122, "fclass": "residential", "name": null, "ref": null, "oneway": "B", "maxspeed": 0, "layer": 0, "bridge": "F", "tunnel": "F" }, "geometry": { "type": "MultiLineString", "coordinates": [ [ [ 114.3454018, 30.4786986 ], [ 114.3456673, 30.4786986 ], [ 114.3460146, 30.4786986 ] ] ] } },
{ "type": "Feature", "properties": { "osm_id": "99002090", "code": 5122, "fclass": "residential", "name": null, "ref": null, "oneway": "B", "maxspeed": 0, "layer": 0, "bridge": "F", "tunnel": "F" }, "geometry": { "type": "MultiLineString", "coordinates": [ [ [ 114.344717, 30.4763832 ], [ 114.3450486, 30.4763757 ], [ 114.3450608, 30.4759892 ] ] ] } },
{ "type": "Feature", "properties": { "osm_id": "99002091", "code": 5122, "fclass": "residential", "name": null, "ref": null, "oneway": "B", "maxspeed": 0, "layer": 0, "bridge": "F", "tunnel": "F" }, "geometry": { "type": "MultiLineString", "coordinates": [ [ [ 114.3451398, 30.4764727 ], [ 114.3456264, 30.4764702 ], [ 114.3461054, 30.4764774 ] ] ] } },
{ "type": "Feature", "properties": { "osm_id": "99002093", "code": 5155, "fclass": "steps", "name": null, "ref": null, "oneway": "B", "maxspeed": 0, "layer": 0, "bridge": "F", "tunnel": "F" }, "geometry": { "type": "MultiLineString", "coordinates": [ [ [ 114.3450507, 30.4764656 ], [ 114.3451398, 30.4764727 ] ] ] } },
{ "type": "Feature", "properties": { "osm_id": "99002094", "code": 5122, "fclass": "residential", "name": null, "ref": null, "oneway": "B", "maxspeed": 0, "layer": 0, "bridge": "F", "tunnel": "F" }, "geometry": { "type": "MultiLineString", "coordinates": [ [ [ 114.3447197, 30.4766061 ], [ 114.3450539, 30.4766022 ], [ 114.3450507, 30.4764656 ], [ 114.3450486, 30.4763757 ] ] ] } },
{ "type": "Feature", "properties": { "osm_id": "99002516", "code": 5155, "fclass": "steps", "name": null, "ref": null, "oneway": "B", "maxspeed": 0, "layer": 0, "bridge": "F", "tunnel": "F" }, "geometry": { "type": "MultiLineString", "coordinates": [ [ [ 114.3489153, 30.4809 ], [ 114.3489032, 30.481018 ] ] ] } },
{ "type": "Feature", "properties": { "osm_id": "99002518", "code": 5122, "fclass": "residential", "name": null, "ref": null, "oneway": "B", "maxspeed": 0, "layer": 0, "bridge": "F", "tunnel": "F" }, "geometry": { "type": "MultiLineString", "coordinates": [ [ [ 114.3479424, 30.4812623 ], [ 114.3472273, 30.4812623 ] ] ] } },
{ "type": "Feature", "properties": { "osm_id": "99002519", "code": 5153, "fclass": "footway", "name": null, "ref": null, "oneway": "B", "maxspeed": 0, "layer": 0, "bridge": "F", "tunnel": "F" }, "geometry": { "type": "MultiLineString", "coordinates": [ [ [ 114.3489335, 30.4808209 ], [ 114.3489153, 30.4809 ] ] ] } },
{ "type": "Feature", "properties": { "osm_id": "99002907", "code": 5122, "fclass": "residential", "name": null, "ref": null, "oneway": "B", "maxspeed": 0, "layer": 0, "bridge": "F", "tunnel": "F" }, "geometry": { "type": "MultiLineString", "coordinates": [ [ [ 114.3483476, 30.4807214 ], [ 114.3480575, 30.4807241 ] ] ] } },
{ "type": "Feature", "properties": { "osm_id": "99002908", "code": 5122, "fclass": "residential", "name": null, "ref": null, "oneway": "B", "maxspeed": 0, "layer": 0, "bridge": "F", "tunnel": "F" }, "geometry": { "type": "MultiLineString", "coordinates": [ [ [ 114.3490601, 30.4815551 ], [ 114.3479347, 30.4815717 ], [ 114.3472218, 30.4815801 ] ] ] } },
{ "type": "Feature", "properties": { "osm_id": "99812504", "code": 5123, "fclass": "living_street", "name": null, "ref": null, "oneway": "B", "maxspeed": 0, "layer": 0, "bridge": "F", "tunnel": "F" }, "geometry": { "type": "MultiLineString", "coordinates": [ [ [ 114.3597493, 30.473952 ], [ 114.3586224, 30.4739449 ] ] ] } },
{ "type": "Feature", "properties": { "osm_id": "99812506", "code": 5122, "fclass": "residential", "name": null, "ref": null, "oneway": "B", "maxspeed": 0, "layer": 0, "bridge": "F", "tunnel": "F" }, "geometry": { "type": "MultiLineString", "coordinates": [ [ [ 114.3509162, 30.4821746 ], [ 114.3509225, 30.4819778 ], [ 114.3509301, 30.4817426 ], [ 114.350936, 30.4815583 ] ] ] } },
{ "type": "Feature", "properties": { "osm_id": "99812511", "code": 5121, "fclass": "unclassified", "name": null, "ref": null, "oneway": "B", "maxspeed": 0, "layer": -1, "bridge": "F", "tunnel": "T" }, "geometry": { "type": "MultiLineString", "coordinates": [ [ [ 114.3522677, 30.4731834 ], [ 114.3522587, 30.4732384 ], [ 114.3522405, 30.4735883 ], [ 114.3522428, 30.4736688 ] ] ] } },
{ "type": "Feature", "properties": { "osm_id": "99812512", "code": 5153, "fclass": "footway", "name": null, "ref": null, "oneway": "B", "maxspeed": 0, "layer": 0, "bridge": "F", "tunnel": "F" }, "geometry": { "type": "MultiLineString", "coordinates": [ [ [ 114.3595267, 30.4774144 ], [ 114.3582542, 30.4774375 ] ] ] } },
{ "type": "Feature", "properties": { "osm_id": "99812513", "code": 5121, "fclass": "unclassified", "name": null, "ref": null, "oneway": "B", "maxspeed": 0, "layer": 0, "bridge": "F", "tunnel": "F" }, "geometry": { "type": "MultiLineString", "coordinates": [ [ [ 114.3524225, 30.4736713 ], [ 114.3527755, 30.473841 ] ] ] } },
{ "type": "Feature", "properties": { "osm_id": "99812514", "code": 5122, "fclass": "residential", "name": null, "ref": null, "oneway": "B", "maxspeed": 0, "layer": 0, "bridge": "F", "tunnel": "F" }, "geometry": { "type": "MultiLineString", "coordinates": [ [ [ 114.3509301, 30.4817426 ], [ 114.350743, 30.4817423 ] ] ] } },
{ "type": "Feature", "properties": { "osm_id": "99812517", "code": 5141, "fclass": "service", "name": null, "ref": null, "oneway": "B", "maxspeed": 0, "layer": 0, "bridge": "F", "tunnel": "F" }, "geometry": { "type": "MultiLineString", "coordinates": [ [ [ 114.3536666, 30.4726748 ], [ 114.3537367, 30.4726525 ], [ 114.3539302, 30.4725962 ] ] ] } },
{ "type": "Feature", "properties": { "osm_id": "99812519", "code": 5121, "fclass": "unclassified", "name": null, "ref": null, "oneway": "B", "maxspeed": 0, "layer": 0, "bridge": "F", "tunnel": "F" }, "geometry": { "type": "MultiLineString", "coordinates": [ [ [ 114.3524863, 30.4725538 ], [ 114.352588, 30.4727793 ], [ 114.3526443, 30.4729097 ], [ 114.3526491, 30.4730083 ], [ 114.3526686, 30.47319 ] ] ] } },
{ "type": "Feature", "properties": { "osm_id": "99812525", "code": 5122, "fclass": "residential", "name": null, "ref": null, "oneway": "B", "maxspeed": 0, "layer": 0, "bridge": "F", "tunnel": "F" }, "geometry": { "type": "MultiLineString", "coordinates": [ [ [ 114.3509225, 30.4819778 ], [ 114.350738, 30.4819778 ] ] ] } },
{ "type": "Feature", "properties": { "osm_id": "99812529", "code": 5141, "fclass": "service", "name": null, "ref": null, "oneway": "B", "maxspeed": 0, "layer": 0, "bridge": "F", "tunnel": "F" }, "geometry": { "type": "MultiLineString", "coordinates": [ [ [ 114.3528185, 30.4726867 ], [ 114.3527256, 30.4724614 ] ] ] } },
{ "type": "Feature", "properties": { "osm_id": "99812534", "code": 5123, "fclass": "living_street", "name": null, "ref": null, "oneway": "B", "maxspeed": 0, "layer": 0, "bridge": "F", "tunnel": "F" }, "geometry": { "type": "MultiLineString", "coordinates": [ [ [ 114.3597497, 30.4752031 ], [ 114.3586308, 30.4752141 ] ] ] } },
{ "type": "Feature", "properties": { "osm_id": "99812535", "code": 5121, "fclass": "unclassified", "name": null, "ref": null, "oneway": "B", "maxspeed": 0, "layer": 0, "bridge": "F", "tunnel": "F" }, "geometry": { "type": "MultiLineString", "coordinates": [ [ [ 114.3625849, 30.4765885 ], [ 114.3628182, 30.4763678 ], [ 114.3633758, 30.4761799 ] ] ] } },
{ "type": "Feature", "properties": { "osm_id": "99812536", "code": 5141, "fclass": "service", "name": null, "ref": null, "oneway": "B", "maxspeed": 0, "layer": 0, "bridge": "F", "tunnel": "F" }, "geometry": { "type": "MultiLineString", "coordinates": [ [ [ 114.3537367, 30.4726525 ], [ 114.3536397, 30.472409 ], [ 114.3535252, 30.4722094 ] ] ] } },
{ "type": "Feature", "properties": { "osm_id": "99812537", "code": 5123, "fclass": "living_street", "name": null, "ref": null, "oneway": "B", "maxspeed": 0, "layer": 0, "bridge": "F", "tunnel": "F" }, "geometry": { "type": "MultiLineString", "coordinates": [ [ [ 114.3597483, 30.4745002 ], [ 114.3586288, 30.4744986 ] ] ] } },
{ "type": "Feature", "properties": { "osm_id": "99812538", "code": 5152, "fclass": "cycleway", "name": null, "ref": null, "oneway": "B", "maxspeed": 0, "layer": 0, "bridge": "F", "tunnel": "F" }, "geometry": { "type": "MultiLineString", "coordinates": [ [ [ 114.3533391, 30.4729513 ], [ 114.3533921, 30.4730802 ], [ 114.3534341, 30.4731057 ], [ 114.353501, 30.4731057 ], [ 114.3535795, 30.4730878 ], [ 114.3539247, 30.4730029 ] ] ] } },
{ "type": "Feature", "properties": { "osm_id": "99812540", "code": 5123, "fclass": "living_street", "name": null, "ref": null, "oneway": "B", "maxspeed": 0, "layer": 0, "bridge": "F", "tunnel": "F" }, "geometry": { "type": "MultiLineString", "coordinates": [ [ [ 114.3586318, 30.4746136 ], [ 114.3576102, 30.4746191 ], [ 114.3573493, 30.4746393 ], [ 114.3569631, 30.4747969 ], [ 114.3567728, 30.4748785 ] ] ] } },
{ "type": "Feature", "properties": { "osm_id": "99812541", "code": 5121, "fclass": "unclassified", "name": null, "ref": null, "oneway": "B", "maxspeed": 0, "layer": 0, "bridge": "F", "tunnel": "F" }, "geometry": { "type": "MultiLineString", "coordinates": [ [ [ 114.3502397, 30.4790174 ], [ 114.3506621, 30.479275 ] ] ] } },
{ "type": "Feature", "properties": { "osm_id": "99812542", "code": 5123, "fclass": "living_street", "name": null, "ref": null, "oneway": "B", "maxspeed": 0, "layer": 0, "bridge": "F", "tunnel": "F" }, "geometry": { "type": "MultiLineString", "coordinates": [ [ [ 114.3586264, 30.4754743 ], [ 114.3573474, 30.4754839 ] ] ] } },
{ "type": "Feature", "properties": { "osm_id": "99812543", "code": 5141, "fclass": "service", "name": null, "ref": null, "oneway": "B", "maxspeed": 0, "layer": 0, "bridge": "F", "tunnel": "F" }, "geometry": { "type": "MultiLineString", "coordinates": [ [ [ 114.352588, 30.4727793 ], [ 114.3528185, 30.4726867 ], [ 114.3536397, 30.472409 ] ] ] } },
{ "type": "Feature", "properties": { "osm_id": "99812544", "code": 5123, "fclass": "living_street", "name": null, "ref": null, "oneway": "B", "maxspeed": 0, "layer": 0, "bridge": "F", "tunnel": "F" }, "geometry": { "type": "MultiLineString", "coordinates": [ [ [ 114.3567728, 30.4748785 ], [ 114.3557505, 30.4748981 ] ] ] } },
{ "type": "Feature", "properties": { "osm_id": "99812545", "code": 5121, "fclass": "unclassified", "name": null, "ref": null, "oneway": "B", "maxspeed": 0, "layer": 0, "bridge": "F", "tunnel": "F" }, "geometry": { "type": "MultiLineString", "coordinates": [ [ [ 114.350699, 30.4732052 ], [ 114.3522677, 30.4731834 ], [ 114.3522503, 30.473003 ], [ 114.3521151, 30.4727051 ] ] ] } },
{ "type": "Feature", "properties": { "osm_id": "99812548", "code": 5121, "fclass": "unclassified", "name": null, "ref": null, "oneway": "B", "maxspeed": 0, "layer": 0, "bridge": "F", "tunnel": "F" }, "geometry": { "type": "MultiLineString", "coordinates": [ [ [ 114.3494547, 30.4787744 ], [ 114.3495171, 30.4789833 ], [ 114.3502279, 30.4789637 ] ] ] } },
{ "type": "Feature", "properties": { "osm_id": "99812549", "code": 5123, "fclass": "living_street", "name": null, "ref": null, "oneway": "B", "maxspeed": 0, "layer": 0, "bridge": "F", "tunnel": "F" }, "geometry": { "type": "MultiLineString", "coordinates": [ [ [ 114.3589602, 30.4716894 ], [ 114.357816, 30.4717001 ], [ 114.3576787, 30.4717057 ] ] ] } },
{ "type": "Feature", "properties": { "osm_id": "100100850", "code": 5121, "fclass": "unclassified", "name": null, "ref": null, "oneway": "B", "maxspeed": 0, "layer": 0, "bridge": "F", "tunnel": "F" }, "geometry": { "type": "MultiLineString", "coordinates": [ [ [ 114.3546826, 30.478685 ], [ 114.354677, 30.4782589 ], [ 114.3546746, 30.4780998 ], [ 114.3547303, 30.4780346 ], [ 114.3547379, 30.4777652 ], [ 114.3547393, 30.4760129 ] ] ] } },
{ "type": "Feature", "properties": { "osm_id": "100100851", "code": 5121, "fclass": "unclassified", "name": null, "ref": null, "oneway": "B", "maxspeed": 0, "layer": 0, "bridge": "F", "tunnel": "F" }, "geometry": { "type": "MultiLineString", "coordinates": [ [ [ 114.352798, 30.4747156 ], [ 114.3527429, 30.4747154 ], [ 114.352472, 30.4747145 ], [ 114.352421, 30.4747143 ], [ 114.3523486, 30.474714 ], [ 114.3520519, 30.474713 ] ] ] } },
{ "type": "Feature", "properties": { "osm_id": "100100852", "code": 5153, "fclass": "footway", "name": null, "ref": null, "oneway": "B", "maxspeed": 0, "layer": 0, "bridge": "F", "tunnel": "F" }, "geometry": { "type": "MultiLineString", "coordinates": [ [ [ 114.3496197, 30.4775398 ], [ 114.3496305, 30.4783663 ] ] ] } },
{ "type": "Feature", "properties": { "osm_id": "100100855", "code": 5121, "fclass": "unclassified", "name": null, "ref": null, "oneway": "B", "maxspeed": 0, "layer": 0, "bridge": "F", "tunnel": "F" }, "geometry": { "type": "MultiLineString", "coordinates": [ [ [ 114.3519597, 30.4742405 ], [ 114.3519594, 30.4744569 ], [ 114.3520519, 30.474713 ], [ 114.3520565, 30.4749989 ], [ 114.3520602, 30.4752299 ], [ 114.3520656, 30.4755723 ], [ 114.3520684, 30.4757501 ], [ 114.3520784, 30.4760152 ] ] ] } },
{ "type": "Feature", "properties": { "osm_id": "100100857", "code": 5153, "fclass": "footway", "name": null, "ref": null, "oneway": "B", "maxspeed": 0, "layer": 0, "bridge": "F", "tunnel": "F" }, "geometry": { "type": "MultiLineString", "coordinates": [ [ [ 114.349831, 30.478367 ], [ 114.3498396, 30.4787786 ] ] ] } },
{ "type": "Feature", "properties": { "osm_id": "106034953", "code": 5121, "fclass": "unclassified", "name": null, "ref": null, "oneway": "B", "maxspeed": 0, "layer": 0, "bridge": "F", "tunnel": "F" }, "geometry": { "type": "MultiLineString", "coordinates": [ [ [ 114.3484709, 30.4741763 ], [ 114.3484725, 30.4745419 ], [ 114.3484788, 30.4747496 ], [ 114.3484806, 30.4748109 ], [ 114.3490009, 30.4748025 ] ] ] } },
{ "type": "Feature", "properties": { "osm_id": "106034955", "code": 5121, "fclass": "unclassified", "name": null, "ref": null, "oneway": "B", "maxspeed": 0, "layer": 0, "bridge": "F", "tunnel": "F" }, "geometry": { "type": "MultiLineString", "coordinates": [ [ [ 114.3484725, 30.4745419 ], [ 114.3489987, 30.4745435 ] ] ] } },
{ "type": "Feature", "properties": { "osm_id": "106034962", "code": 5121, "fclass": "unclassified", "name": null, "ref": null, "oneway": "B", "maxspeed": 0, "layer": 0, "bridge": "F", "tunnel": "F" }, "geometry": { "type": "MultiLineString", "coordinates": [ [ [ 114.3482699, 30.4741772 ], [ 114.3484709, 30.4741763 ], [ 114.3489955, 30.4741738 ] ] ] } },
{ "type": "Feature", "properties": { "osm_id": "106041954", "code": 5121, "fclass": "unclassified", "name": null, "ref": null, "oneway": "B", "maxspeed": 0, "layer": 0, "bridge": "F", "tunnel": "F" }, "geometry": { "type": "MultiLineString", "coordinates": [ [ [ 114.3517262, 30.4783087 ], [ 114.3517283, 30.4787029 ] ] ] } },
{ "type": "Feature", "properties": { "osm_id": "106041956", "code": 5153, "fclass": "footway", "name": null, "ref": null, "oneway": "B", "maxspeed": 0, "layer": 0, "bridge": "F", "tunnel": "F" }, "geometry": { "type": "MultiLineString", "coordinates": [ [ [ 114.3528043, 30.4751745 ], [ 114.3524675, 30.4754348 ], [ 114.35234, 30.4753207 ], [ 114.3521859, 30.4751828 ], [ 114.3523425, 30.4750514 ], [ 114.35242, 30.4749864 ], [ 114.3524648, 30.4749488 ], [ 114.3527429, 30.4747154 ] ] ] } },
{ "type": "Feature", "properties": { "osm_id": "106041957", "code": 5121, "fclass": "unclassified", "name": null, "ref": null, "oneway": "B", "maxspeed": 0, "layer": -1, "bridge": "F", "tunnel": "T" }, "geometry": { "type": "MultiLineString", "coordinates": [ [ [ 114.3526686, 30.47319 ], [ 114.3526578, 30.4732362 ], [ 114.3526479, 30.4735851 ], [ 114.3526464, 30.4736678 ] ] ] } },
{ "type": "Feature", "properties": { "osm_id": "106041958", "code": 5121, "fclass": "unclassified", "name": null, "ref": null, "oneway": "B", "maxspeed": 0, "layer": 0, "bridge": "F", "tunnel": "F" }, "geometry": { "type": "MultiLineString", "coordinates": [ [ [ 114.350178, 30.4738436 ], [ 114.3506103, 30.4738303 ] ] ] } },
{ "type": "Feature", "properties": { "osm_id": "106041962", "code": 5153, "fclass": "footway", "name": null, "ref": null, "oneway": "B", "maxspeed": 0, "layer": 0, "bridge": "F", "tunnel": "F" }, "geometry": { "type": "MultiLineString", "coordinates": [ [ [ 114.3524776, 30.4755693 ], [ 114.352337, 30.4755676 ], [ 114.3520656, 30.4755723 ] ] ] } },
{ "type": "Feature", "properties": { "osm_id": "106041963", "code": 5124, "fclass": "pedestrian", "name": null, "ref": null, "oneway": "B", "maxspeed": 0, "layer": 0, "bridge": "F", "tunnel": "F" }, "geometry": { "type": "MultiLineString", "coordinates": [ [ [ 114.3513489, 30.4783156 ], [ 114.3503552, 30.4783537 ], [ 114.3502358, 30.4783649 ] ] ] } },
{ "type": "Feature", "properties": { "osm_id": "106041965", "code": 5153, "fclass": "footway", "name": null, "ref": null, "oneway": "B", "maxspeed": 0, "layer": 0, "bridge": "F", "tunnel": "F" }, "geometry": { "type": "MultiLineString", "coordinates": [ [ [ 114.3521344, 30.4740154 ], [ 114.3524218, 30.4741875 ], [ 114.352497, 30.4740501 ], [ 114.3527755, 30.473841 ] ] ] } },
{ "type": "Feature", "properties": { "osm_id": "106041968", "code": 5153, "fclass": "footway", "name": null, "ref": null, "oneway": "B", "maxspeed": 0, "layer": 0, "bridge": "F", "tunnel": "F" }, "geometry": { "type": "MultiLineString", "coordinates": [ [ [ 114.3520684, 30.4757501 ], [ 114.3523348, 30.475746 ], [ 114.3524907, 30.4757436 ], [ 114.3528122, 30.4757386 ] ] ] } },
{ "type": "Feature", "properties": { "osm_id": "106041969", "code": 5121, "fclass": "unclassified", "name": null, "ref": null, "oneway": "B", "maxspeed": 0, "layer": 0, "bridge": "F", "tunnel": "F" }, "geometry": { "type": "MultiLineString", "coordinates": [ [ [ 114.3520827, 30.4775362 ], [ 114.3520885, 30.478244 ], [ 114.352017, 30.4783075 ], [ 114.3517262, 30.4783087 ], [ 114.3513489, 30.4783156 ] ] ] } },
{ "type": "Feature", "properties": { "osm_id": "106041971", "code": 5153, "fclass": "footway", "name": null, "ref": null, "oneway": "B", "maxspeed": 0, "layer": 0, "bridge": "F", "tunnel": "F" }, "geometry": { "type": "MultiLineString", "coordinates": [ [ [ 114.3524213, 30.474495 ], [ 114.3527824, 30.4741089 ] ] ] } },
{ "type": "Feature", "properties": { "osm_id": "106041972", "code": 5153, "fclass": "footway", "name": null, "ref": null, "oneway": "B", "maxspeed": 0, "layer": 0, "bridge": "F", "tunnel": "F" }, "geometry": { "type": "MultiLineString", "coordinates": [ [ [ 114.3520181, 30.4742122 ], [ 114.3524213, 30.474495 ], [ 114.3527429, 30.4747154 ] ] ] } },
{ "type": "Feature", "properties": { "osm_id": "106041974", "code": 5153, "fclass": "footway", "name": null, "ref": null, "oneway": "B", "maxspeed": 0, "layer": 0, "bridge": "F", "tunnel": "F" }, "geometry": { "type": "MultiLineString", "coordinates": [ [ [ 114.3520565, 30.4749989 ], [ 114.3523437, 30.4749851 ], [ 114.35242, 30.4749864 ] ] ] } },
{ "type": "Feature", "properties": { "osm_id": "106041976", "code": 5153, "fclass": "footway", "name": null, "ref": null, "oneway": "B", "maxspeed": 0, "layer": 0, "bridge": "F", "tunnel": "F" }, "geometry": { "type": "MultiLineString", "coordinates": [ [ [ 114.3523348, 30.475746 ], [ 114.352337, 30.4755676 ], [ 114.35234, 30.4753207 ], [ 114.3523425, 30.4750514 ], [ 114.3523437, 30.4749851 ], [ 114.3523486, 30.474714 ] ] ] } },
{ "type": "Feature", "properties": { "osm_id": "106041977", "code": 5153, "fclass": "footway", "name": null, "ref": null, "oneway": "B", "maxspeed": 0, "layer": 0, "bridge": "F", "tunnel": "F" }, "geometry": { "type": "MultiLineString", "coordinates": [ [ [ 114.3524907, 30.4757436 ], [ 114.3524776, 30.4755693 ], [ 114.3524675, 30.4754348 ], [ 114.3524648, 30.4749488 ], [ 114.352472, 30.4747145 ] ] ] } },
{ "type": "Feature", "properties": { "osm_id": "106041981", "code": 5153, "fclass": "footway", "name": null, "ref": null, "oneway": "B", "maxspeed": 0, "layer": 0, "bridge": "F", "tunnel": "F" }, "geometry": { "type": "MultiLineString", "coordinates": [ [ [ 114.352421, 30.4747143 ], [ 114.3524213, 30.474495 ], [ 114.3524218, 30.4741875 ], [ 114.3524225, 30.4736713 ] ] ] } },
{ "type": "Feature", "properties": { "osm_id": "106045295", "code": 5124, "fclass": "pedestrian", "name": null, "ref": null, "oneway": "B", "maxspeed": 0, "layer": 0, "bridge": "F", "tunnel": "F" }, "geometry": { "type": "MultiLineString", "coordinates": [ [ [ 114.344451, 30.4770351 ], [ 114.3444559, 30.4773695 ], [ 114.3444578, 30.4775236 ] ] ] } },
{ "type": "Feature", "properties": { "osm_id": "106362324", "code": 5122, "fclass": "residential", "name": null, "ref": null, "oneway": "B", "maxspeed": 0, "layer": 0, "bridge": "F", "tunnel": "F" }, "geometry": { "type": "MultiLineString", "coordinates": [ [ [ 114.3479226, 30.4822156 ], [ 114.3472223, 30.4822166 ], [ 114.3472246, 30.4819273 ], [ 114.3472218, 30.4815801 ], [ 114.3472273, 30.4812623 ], [ 114.3472279, 30.4810656 ], [ 114.3472284, 30.4809332 ], [ 114.3472171, 30.4804324 ], [ 114.3471812, 30.4794371 ] ] ] } },
{ "type": "Feature", "properties": { "osm_id": "106362333", "code": 5122, "fclass": "residential", "name": null, "ref": null, "oneway": "B", "maxspeed": 0, "layer": 0, "bridge": "F", "tunnel": "F" }, "geometry": { "type": "MultiLineString", "coordinates": [ [ [ 114.3498868, 30.4821343 ], [ 114.3498868, 30.4821958 ], [ 114.3489719, 30.4821892 ], [ 114.3479231, 30.4821771 ] ] ] } },
{ "type": "Feature", "properties": { "osm_id": "106362835", "code": 5153, "fclass": "footway", "name": null, "ref": null, "oneway": "B", "maxspeed": 0, "layer": 0, "bridge": "F", "tunnel": "F" }, "geometry": { "type": "MultiLineString", "coordinates": [ [ [ 114.3490601, 30.4815551 ], [ 114.3484489, 30.4817933 ], [ 114.3480931, 30.4819276 ] ] ] } },
{ "type": "Feature", "properties": { "osm_id": "112320585", "code": 5121, "fclass": "unclassified", "name": null, "ref": null, "oneway": "B", "maxspeed": 0, "layer": 0, "bridge": "F", "tunnel": "F" }, "geometry": { "type": "MultiLineString", "coordinates": [ [ [ 114.3354597, 30.4799577 ], [ 114.3346457, 30.4799574 ], [ 114.3345638, 30.4798985 ], [ 114.3345611, 30.4797182 ], [ 114.3345906, 30.4796974 ], [ 114.3353351, 30.479689 ], [ 114.3354168, 30.4796881 ], [ 114.3354597, 30.4797089 ], [ 114.3354597, 30.4799577 ], [ 114.3354597, 30.4800973 ], [ 114.3354865, 30.4801666 ], [ 114.3356018, 30.4802521 ], [ 114.3358345, 30.4802662 ], [ 114.335861, 30.4802664 ], [ 114.3361142, 30.4802602 ], [ 114.3362832, 30.4802417 ], [ 114.3364719, 30.4801604 ], [ 114.336557, 30.4801345 ] ] ] } },
{ "type": "Feature", "properties": { "osm_id": "114364903", "code": 5153, "fclass": "footway", "name": null, "ref": null, "oneway": "B", "maxspeed": 0, "layer": 0, "bridge": "F", "tunnel": "F" }, "geometry": { "type": "MultiLineString", "coordinates": [ [ [ 114.3484788, 30.4747496 ], [ 114.3481225, 30.4747592 ], [ 114.3481278, 30.4749793 ], [ 114.3478898, 30.4749788 ], [ 114.3478301, 30.4750048 ] ] ] } },
{ "type": "Feature", "properties": { "osm_id": "114364906", "code": 5121, "fclass": "unclassified", "name": null, "ref": null, "oneway": "B", "maxspeed": 0, "layer": 0, "bridge": "F", "tunnel": "F" }, "geometry": { "type": "MultiLineString", "coordinates": [ [ [ 114.3478301, 30.4750048 ], [ 114.347425, 30.4750025 ], [ 114.3473081, 30.4750929 ] ] ] } },
{ "type": "Feature", "properties": { "osm_id": "114365641", "code": 5153, "fclass": "footway", "name": null, "ref": null, "oneway": "B", "maxspeed": 0, "layer": 0, "bridge": "F", "tunnel": "F" }, "geometry": { "type": "MultiLineString", "coordinates": [ [ [ 114.3478569, 30.4765264 ], [ 114.3478998, 30.4766483 ], [ 114.3478833, 30.4767771 ] ] ] } },
{ "type": "Feature", "properties": { "osm_id": "114365642", "code": 5153, "fclass": "footway", "name": null, "ref": null, "oneway": "B", "maxspeed": 0, "layer": 0, "bridge": "F", "tunnel": "F" }, "geometry": { "type": "MultiLineString", "coordinates": [ [ [ 114.3478569, 30.4765264 ], [ 114.347652, 30.4767261 ] ] ] } },
{ "type": "Feature", "properties": { "osm_id": "114367521", "code": 5153, "fclass": "footway", "name": null, "ref": null, "oneway": "B", "maxspeed": 0, "layer": 0, "bridge": "F", "tunnel": "F" }, "geometry": { "type": "MultiLineString", "coordinates": [ [ [ 114.3486647, 30.4777433 ], [ 114.3492208, 30.4777458 ] ] ] } },
{ "type": "Feature", "properties": { "osm_id": "126183276", "code": 5121, "fclass": "unclassified", "name": null, "ref": null, "oneway": "B", "maxspeed": 0, "layer": 0, "bridge": "F", "tunnel": "F" }, "geometry": { "type": "MultiLineString", "coordinates": [ [ [ 114.3520602, 30.4752299 ], [ 114.3518614, 30.4752314 ], [ 114.3518587, 30.4751043 ], [ 114.3514591, 30.4751135 ] ] ] } },
{ "type": "Feature", "properties": { "osm_id": "126184011", "code": 5152, "fclass": "cycleway", "name": null, "ref": null, "oneway": "B", "maxspeed": 0, "layer": 0, "bridge": "F", "tunnel": "F" }, "geometry": { "type": "MultiLineString", "coordinates": [ [ [ 114.3487858, 30.4792897 ], [ 114.3489315, 30.4793701 ], [ 114.3493553, 30.4794834 ], [ 114.3493634, 30.4798613 ], [ 114.3489691, 30.4798971 ], [ 114.3488108, 30.4800798 ], [ 114.3487575, 30.4803579 ] ] ] } },
{ "type": "Feature", "properties": { "osm_id": "126184012", "code": 5122, "fclass": "residential", "name": null, "ref": null, "oneway": "B", "maxspeed": 0, "layer": 0, "bridge": "F", "tunnel": "F" }, "geometry": { "type": "MultiLineString", "coordinates": [ [ [ 114.3482413, 30.4787903 ], [ 114.3485897, 30.4787909 ] ] ] } },
{ "type": "Feature", "properties": { "osm_id": "126184018", "code": 5122, "fclass": "residential", "name": null, "ref": null, "oneway": "B", "maxspeed": 0, "layer": 0, "bridge": "F", "tunnel": "F" }, "geometry": { "type": "MultiLineString", "coordinates": [ [ [ 114.3482453, 30.4789971 ], [ 114.3483517, 30.4789967 ], [ 114.3485936, 30.4789956 ] ] ] } },
{ "type": "Feature", "properties": { "osm_id": "126184020", "code": 5155, "fclass": "steps", "name": null, "ref": null, "oneway": "B", "maxspeed": 0, "layer": 0, "bridge": "F", "tunnel": "F" }, "geometry": { "type": "MultiLineString", "coordinates": [ [ [ 114.3485815, 30.4785774 ], [ 114.3486602, 30.4785752 ] ] ] } },
{ "type": "Feature", "properties": { "osm_id": "126184022", "code": 5155, "fclass": "steps", "name": null, "ref": null, "oneway": "B", "maxspeed": 0, "layer": 0, "bridge": "F", "tunnel": "F" }, "geometry": { "type": "MultiLineString", "coordinates": [ [ [ 114.3485936, 30.4789956 ], [ 114.3486593, 30.4789979 ] ] ] } },
{ "type": "Feature", "properties": { "osm_id": "126184025", "code": 5155, "fclass": "steps", "name": null, "ref": null, "oneway": "B", "maxspeed": 0, "layer": 0, "bridge": "F", "tunnel": "F" }, "geometry": { "type": "MultiLineString", "coordinates": [ [ [ 114.3485897, 30.4787909 ], [ 114.3486597, 30.4787906 ] ] ] } },
{ "type": "Feature", "properties": { "osm_id": "126184026", "code": 5122, "fclass": "residential", "name": null, "ref": null, "oneway": "B", "maxspeed": 0, "layer": 0, "bridge": "F", "tunnel": "F" }, "geometry": { "type": "MultiLineString", "coordinates": [ [ [ 114.3482371, 30.4785774 ], [ 114.3485815, 30.4785774 ] ] ] } },
{ "type": "Feature", "properties": { "osm_id": "126185125", "code": 5153, "fclass": "footway", "name": null, "ref": null, "oneway": "B", "maxspeed": 0, "layer": 0, "bridge": "F", "tunnel": "F" }, "geometry": { "type": "MultiLineString", "coordinates": [ [ [ 114.3540384, 30.4781951 ], [ 114.3540342, 30.4786883 ] ] ] } },
{ "type": "Feature", "properties": { "osm_id": "126185130", "code": 5121, "fclass": "unclassified", "name": null, "ref": null, "oneway": "B", "maxspeed": 0, "layer": 0, "bridge": "F", "tunnel": "F" }, "geometry": { "type": "MultiLineString", "coordinates": [ [ [ 114.3502311, 30.4792735 ], [ 114.3502397, 30.4790174 ], [ 114.3502279, 30.4789637 ], [ 114.3502336, 30.4787837 ], [ 114.3502341, 30.4786864 ] ] ] } },
{ "type": "Feature", "properties": { "osm_id": "126185131", "code": 5121, "fclass": "unclassified", "name": null, "ref": null, "oneway": "B", "maxspeed": 0, "layer": 0, "bridge": "F", "tunnel": "F" }, "geometry": { "type": "MultiLineString", "coordinates": [ [ [ 114.3534189, 30.4760082 ], [ 114.353452, 30.4780863 ] ] ] } },
{ "type": "Feature", "properties": { "osm_id": "126186092", "code": 5153, "fclass": "footway", "name": null, "ref": null, "oneway": "B", "maxspeed": 0, "layer": 0, "bridge": "F", "tunnel": "F" }, "geometry": { "type": "MultiLineString", "coordinates": [ [ [ 114.34567, 30.4783188 ], [ 114.3456673, 30.4786986 ] ] ] } },
{ "type": "Feature", "properties": { "osm_id": "126186321", "code": 5153, "fclass": "footway", "name": null, "ref": null, "oneway": "B", "maxspeed": 0, "layer": 0, "bridge": "F", "tunnel": "F" }, "geometry": { "type": "MultiLineString", "coordinates": [ [ [ 114.3475162, 30.4788629 ], [ 114.3477568, 30.4788635 ] ] ] } },
{ "type": "Feature", "properties": { "osm_id": "126458659", "code": 5121, "fclass": "unclassified", "name": null, "ref": null, "oneway": "B", "maxspeed": 0, "layer": 0, "bridge": "F", "tunnel": "F" }, "geometry": { "type": "MultiLineString", "coordinates": [ [ [ 114.3386542, 30.4802117 ], [ 114.338501, 30.4799835 ] ] ] } },
{ "type": "Feature", "properties": { "osm_id": "126459715", "code": 5121, "fclass": "unclassified", "name": null, "ref": null, "oneway": "B", "maxspeed": 0, "layer": 0, "bridge": "F", "tunnel": "F" }, "geometry": { "type": "MultiLineString", "coordinates": [ [ [ 114.3429552, 30.4757672 ], [ 114.3429481, 30.4760683 ] ] ] } },
{ "type": "Feature", "properties": { "osm_id": "126459716", "code": 5115, "fclass": "tertiary", "name": "学府路", "ref": null, "oneway": "B", "maxspeed": 0, "layer": 0, "bridge": "F", "tunnel": "F" }, "geometry": { "type": "MultiLineString", "coordinates": [ [ [ 114.337708, 30.4739751 ], [ 114.3385893, 30.4739568 ], [ 114.3392723, 30.4738988 ], [ 114.3401536, 30.4737372 ], [ 114.3413463, 30.4735237 ], [ 114.3419869, 30.4734566 ], [ 114.3433129, 30.4734636 ] ] ] } },
{ "type": "Feature", "properties": { "osm_id": "126459717", "code": 5121, "fclass": "unclassified", "name": null, "ref": null, "oneway": "B", "maxspeed": 0, "layer": 0, "bridge": "F", "tunnel": "F" }, "geometry": { "type": "MultiLineString", "coordinates": [ [ [ 114.3407436, 30.4756821 ], [ 114.3411313, 30.4764874 ] ] ] } },
{ "type": "Feature", "properties": { "osm_id": "126460326", "code": 5123, "fclass": "living_street", "name": null, "ref": null, "oneway": "B", "maxspeed": 0, "layer": 0, "bridge": "F", "tunnel": "F" }, "geometry": { "type": "MultiLineString", "coordinates": [ [ [ 114.3407362, 30.4797904 ], [ 114.3408316, 30.4798746 ], [ 114.3413761, 30.4798792 ] ] ] } },
{ "type": "Feature", "properties": { "osm_id": "126460332", "code": 5123, "fclass": "living_street", "name": null, "ref": null, "oneway": "B", "maxspeed": 0, "layer": 0, "bridge": "F", "tunnel": "F" }, "geometry": { "type": "MultiLineString", "coordinates": [ [ [ 114.3407552, 30.4796494 ], [ 114.3414646, 30.4796434 ] ] ] } },
{ "type": "Feature", "properties": { "osm_id": "126460346", "code": 5123, "fclass": "living_street", "name": null, "ref": null, "oneway": "B", "maxspeed": 0, "layer": 0, "bridge": "F", "tunnel": "F" }, "geometry": { "type": "MultiLineString", "coordinates": [ [ [ 114.340016, 30.4798489 ], [ 114.340716, 30.4799395 ], [ 114.3407296, 30.480108 ], [ 114.3407806, 30.4801381 ], [ 114.3413305, 30.4801335 ] ] ] } },
{ "type": "Feature", "properties": { "osm_id": "126460348", "code": 5123, "fclass": "living_street", "name": null, "ref": null, "oneway": "B", "maxspeed": 0, "layer": 0, "bridge": "F", "tunnel": "F" }, "geometry": { "type": "MultiLineString", "coordinates": [ [ [ 114.3394931, 30.4799948 ], [ 114.3399896, 30.4800505 ], [ 114.3405875, 30.4801265 ], [ 114.3406256, 30.4801702 ], [ 114.3405882, 30.4803718 ] ] ] } },
{ "type": "Feature", "properties": { "osm_id": "126462390", "code": 5121, "fclass": "unclassified", "name": null, "ref": null, "oneway": "B", "maxspeed": 0, "layer": 0, "bridge": "F", "tunnel": "F" }, "geometry": { "type": "MultiLineString", "coordinates": [ [ [ 114.3547379, 30.4777652 ], [ 114.355733, 30.4777687 ] ] ] } },
{ "type": "Feature", "properties": { "osm_id": "126462643", "code": 5121, "fclass": "unclassified", "name": null, "ref": null, "oneway": "B", "maxspeed": 0, "layer": 0, "bridge": "F", "tunnel": "F" }, "geometry": { "type": "MultiLineString", "coordinates": [ [ [ 114.3566121, 30.4760325 ], [ 114.3566161, 30.4766981 ], [ 114.3566134, 30.4771875 ], [ 114.3565468, 30.4772488 ], [ 114.3564827, 30.4772513 ], [ 114.3557358, 30.4772539 ] ] ] } },
{ "type": "Feature", "properties": { "osm_id": "126462647", "code": 5122, "fclass": "residential", "name": null, "ref": null, "oneway": "F", "maxspeed": 0, "layer": 0, "bridge": "F", "tunnel": "F" }, "geometry": { "type": "MultiLineString", "coordinates": [ [ [ 114.3566326, 30.4786968 ], [ 114.3566215, 30.4789285 ], [ 114.3564554, 30.4786865 ] ] ] } },
{ "type": "Feature", "properties": { "osm_id": "126462877", "code": 5123, "fclass": "living_street", "name": null, "ref": null, "oneway": "B", "maxspeed": 0, "layer": 0, "bridge": "F", "tunnel": "F" }, "geometry": { "type": "MultiLineString", "coordinates": [ [ [ 114.3591523, 30.4785627 ], [ 114.3589306, 30.4785367 ], [ 114.358314, 30.4784645 ], [ 114.3582547, 30.4784603 ] ] ] } },
{ "type": "Feature", "properties": { "osm_id": "126463984", "code": 5153, "fclass": "footway", "name": null, "ref": null, "oneway": "B", "maxspeed": 0, "layer": 0, "bridge": "F", "tunnel": "F" }, "geometry": { "type": "MultiLineString", "coordinates": [ [ [ 114.3599591, 30.4784942 ], [ 114.3601636, 30.4770417 ], [ 114.359786, 30.4769377 ], [ 114.3596213, 30.4769194 ] ] ] } },
{ "type": "Feature", "properties": { "osm_id": "126468482", "code": 5141, "fclass": "service", "name": null, "ref": null, "oneway": "B", "maxspeed": 0, "layer": 0, "bridge": "F", "tunnel": "F" }, "geometry": { "type": "MultiLineString", "coordinates": [ [ [ 114.3572601, 30.4708545 ], [ 114.357354, 30.471218 ] ] ] } },
{ "type": "Feature", "properties": { "osm_id": "126468483", "code": 5141, "fclass": "service", "name": null, "ref": null, "oneway": "B", "maxspeed": 0, "layer": 0, "bridge": "F", "tunnel": "F" }, "geometry": { "type": "MultiLineString", "coordinates": [ [ [ 114.3554503, 30.4704068 ], [ 114.3555723, 30.4708911 ], [ 114.3551224, 30.4709901 ], [ 114.3552859, 30.4716893 ] ] ] } },
{ "type": "Feature", "properties": { "osm_id": "126468484", "code": 5141, "fclass": "service", "name": null, "ref": null, "oneway": "B", "maxspeed": 0, "layer": 0, "bridge": "F", "tunnel": "F" }, "geometry": { "type": "MultiLineString", "coordinates": [ [ [ 114.3567202, 30.4707347 ], [ 114.3568784, 30.4713139 ] ] ] } },
{ "type": "Feature", "properties": { "osm_id": "126468831", "code": 5122, "fclass": "residential", "name": "红豆路", "ref": null, "oneway": "B", "maxspeed": 0, "layer": 0, "bridge": "F", "tunnel": "F" }, "geometry": { "type": "MultiLineString", "coordinates": [ [ [ 114.357637, 30.4737075 ], [ 114.3576581, 30.4732864 ], [ 114.3576586, 30.4732708 ], [ 114.3576607, 30.4729351 ], [ 114.3576735, 30.4725556 ], [ 114.3576745, 30.4721272 ], [ 114.3576787, 30.4717057 ], [ 114.3576642, 30.4711602 ] ] ] } },
{ "type": "Feature", "properties": { "osm_id": "236668169", "code": 5115, "fclass": "tertiary", "name": "学院路", "ref": null, "oneway": "B", "maxspeed": 0, "layer": 0, "bridge": "F", "tunnel": "F" }, "geometry": { "type": "MultiLineString", "coordinates": [ [ [ 114.3450794, 30.4783058 ], [ 114.3447833, 30.4783143 ], [ 114.3443069, 30.4783065 ], [ 114.3438614, 30.4783351 ], [ 114.3436187, 30.4783576 ], [ 114.3430017, 30.4784836 ], [ 114.3415127, 30.4789015 ], [ 114.3414931, 30.4789103 ], [ 114.3414157, 30.4789325 ], [ 114.3408245, 30.4791298 ], [ 114.3406788, 30.4791715 ], [ 114.340046, 30.4793424 ], [ 114.3388189, 30.4798516 ], [ 114.338501, 30.4799835 ], [ 114.3370979, 30.480621 ] ] ] } },
{ "type": "Feature", "properties": { "osm_id": "479203384", "code": 5121, "fclass": "unclassified", "name": null, "ref": null, "oneway": "B", "maxspeed": 0, "layer": 0, "bridge": "F", "tunnel": "T" }, "geometry": { "type": "MultiLineString", "coordinates": [ [ [ 114.352971, 30.4792604 ], [ 114.3532408, 30.4792863 ] ] ] } },
{ "type": "Feature", "properties": { "osm_id": "479203385", "code": 5121, "fclass": "unclassified", "name": null, "ref": null, "oneway": "B", "maxspeed": 0, "layer": 0, "bridge": "F", "tunnel": "F" }, "geometry": { "type": "MultiLineString", "coordinates": [ [ [ 114.3525746, 30.4792874 ], [ 114.352971, 30.4792604 ] ] ] } },
{ "type": "Feature", "properties": { "osm_id": "479203386", "code": 5121, "fclass": "unclassified", "name": null, "ref": null, "oneway": "B", "maxspeed": 0, "layer": 0, "bridge": "F", "tunnel": "T" }, "geometry": { "type": "MultiLineString", "coordinates": [ [ [ 114.3519839, 30.4792506 ], [ 114.3516742, 30.4792579 ] ] ] } },
{ "type": "Feature", "properties": { "osm_id": "479203387", "code": 5121, "fclass": "unclassified", "name": null, "ref": null, "oneway": "B", "maxspeed": 0, "layer": 0, "bridge": "F", "tunnel": "F" }, "geometry": { "type": "MultiLineString", "coordinates": [ [ [ 114.3523113, 30.4792767 ], [ 114.3519839, 30.4792506 ] ] ] } },
{ "type": "Feature", "properties": { "osm_id": "481287469", "code": 5115, "fclass": "tertiary", "name": "狮子山大道", "ref": null, "oneway": "F", "maxspeed": 0, "layer": 0, "bridge": "F", "tunnel": "F" }, "geometry": { "type": "MultiLineString", "coordinates": [ [ [ 114.3450608, 30.4759892 ], [ 114.3444449, 30.476024 ], [ 114.3442212, 30.4760369 ], [ 114.3440189, 30.47605 ], [ 114.3436468, 30.4760777 ], [ 114.3432512, 30.4761285 ], [ 114.3428815, 30.476199 ], [ 114.3421777, 30.476345 ], [ 114.341616, 30.4764738 ], [ 114.3414001, 30.4765544 ], [ 114.3412004, 30.4765829 ], [ 114.3395585, 30.4770205 ], [ 114.3390105, 30.477153 ], [ 114.338684, 30.4772256 ], [ 114.3378289, 30.4774016 ], [ 114.3368817, 30.47752 ], [ 114.3366809, 30.4775394 ] ] ] } },
{ "type": "Feature", "properties": { "osm_id": "481287473", "code": 5115, "fclass": "tertiary", "name": "狮子山大道", "ref": null, "oneway": "F", "maxspeed": 0, "layer": 0, "bridge": "F", "tunnel": "F" }, "geometry": { "type": "MultiLineString", "coordinates": [ [ [ 114.3366856, 30.4774356 ], [ 114.3378067, 30.4772943 ], [ 114.3388765, 30.4770689 ], [ 114.3389683, 30.4770496 ], [ 114.3393694, 30.4769531 ], [ 114.3395234, 30.476916 ], [ 114.3411313, 30.4764874 ], [ 114.3412188, 30.4764657 ], [ 114.3412811, 30.4764514 ], [ 114.3421305, 30.4762515 ], [ 114.3429481, 30.4760683 ], [ 114.3433217, 30.4760098 ], [ 114.343657, 30.475975 ], [ 114.3439642, 30.47595 ] ] ] } },
{ "type": "Feature", "properties": { "osm_id": "481287493", "code": 5115, "fclass": "tertiary", "name": "狮子山大道", "ref": null, "oneway": "F", "maxspeed": 0, "layer": 0, "bridge": "F", "tunnel": "F" }, "geometry": { "type": "MultiLineString", "coordinates": [ [ [ 114.332993004926124, 30.477563666750303 ], [ 114.3330605, 30.477595 ], [ 114.3331625, 30.4776204 ], [ 114.3335978, 30.4775992 ] ] ] } },
{ "type": "Feature", "properties": { "osm_id": "779834453", "code": 5121, "fclass": "unclassified", "name": "梧桐路", "ref": null, "oneway": "B", "maxspeed": 0, "layer": 1, "bridge": "T", "tunnel": "F" }, "geometry": { "type": "MultiLineString", "coordinates": [ [ [ 114.3407576, 30.4673189 ], [ 114.340734131276406, 30.467258678451202 ] ] ] } },
{ "type": "Feature", "properties": { "osm_id": "849511842", "code": 5123, "fclass": "living_street", "name": null, "ref": null, "oneway": "B", "maxspeed": 0, "layer": 0, "bridge": "F", "tunnel": "F" }, "geometry": { "type": "MultiLineString", "coordinates": [ [ [ 114.3566664, 30.473878 ], [ 114.3566716, 30.4732796 ], [ 114.35667, 30.4729341 ], [ 114.3566671, 30.4727726 ], [ 114.3566652, 30.4726703 ], [ 114.3566584, 30.4722962 ], [ 114.3566548, 30.4721298 ], [ 114.3566432, 30.4713729 ] ] ] } },
{ "type": "Feature", "properties": { "osm_id": "849511843", "code": 5123, "fclass": "living_street", "name": null, "ref": null, "oneway": "B", "maxspeed": 0, "layer": 0, "bridge": "F", "tunnel": "F" }, "geometry": { "type": "MultiLineString", "coordinates": [ [ [ 114.3586385, 30.4734474 ], [ 114.359732, 30.4734546 ] ] ] } },
{ "type": "Feature", "properties": { "osm_id": "849511844", "code": 5123, "fclass": "living_street", "name": null, "ref": null, "oneway": "B", "maxspeed": 0, "layer": 0, "bridge": "F", "tunnel": "F" }, "geometry": { "type": "MultiLineString", "coordinates": [ [ [ 114.3586374, 30.4732543 ], [ 114.3586367, 30.4731867 ], [ 114.3586346, 30.4729104 ], [ 114.3586371, 30.472554 ] ] ] } },
{ "type": "Feature", "properties": { "osm_id": "849511845", "code": 5121, "fclass": "unclassified", "name": null, "ref": null, "oneway": "B", "maxspeed": 0, "layer": 0, "bridge": "F", "tunnel": "F" }, "geometry": { "type": "MultiLineString", "coordinates": [ [ [ 114.356783, 30.4738814 ], [ 114.3566664, 30.473878 ], [ 114.3562446, 30.4738787 ] ] ] } },
{ "type": "Feature", "properties": { "osm_id": "849511846", "code": 5123, "fclass": "living_street", "name": null, "ref": null, "oneway": "B", "maxspeed": 0, "layer": 0, "bridge": "F", "tunnel": "F" }, "geometry": { "type": "MultiLineString", "coordinates": [ [ [ 114.3567667, 30.4760338 ], [ 114.3567729, 30.4758062 ] ] ] } },
{ "type": "Feature", "properties": { "osm_id": "849511847", "code": 5155, "fclass": "steps", "name": null, "ref": null, "oneway": "B", "maxspeed": 0, "layer": 0, "bridge": "F", "tunnel": "F" }, "geometry": { "type": "MultiLineString", "coordinates": [ [ [ 114.3567675, 30.4751093 ], [ 114.3573547, 30.4751119 ] ] ] } },
{ "type": "Feature", "properties": { "osm_id": "849511848", "code": 5123, "fclass": "living_street", "name": "红豆路", "ref": null, "oneway": "B", "maxspeed": 0, "layer": 0, "bridge": "F", "tunnel": "F" }, "geometry": { "type": "MultiLineString", "coordinates": [ [ [ 114.3575961, 30.4750367 ], [ 114.3576102, 30.4746191 ], [ 114.357618, 30.4741432 ], [ 114.357637, 30.4737075 ] ] ] } },
{ "type": "Feature", "properties": { "osm_id": "849511849", "code": 5123, "fclass": "living_street", "name": null, "ref": null, "oneway": "B", "maxspeed": 0, "layer": 0, "bridge": "F", "tunnel": "F" }, "geometry": { "type": "MultiLineString", "coordinates": [ [ [ 114.357618, 30.4741432 ], [ 114.3573364, 30.4741702 ], [ 114.3569647, 30.4743276 ], [ 114.3567841, 30.4743316 ] ] ] } },
{ "type": "Feature", "properties": { "osm_id": "849511850", "code": 5123, "fclass": "living_street", "name": null, "ref": null, "oneway": "B", "maxspeed": 0, "layer": 0, "bridge": "F", "tunnel": "F" }, "geometry": { "type": "MultiLineString", "coordinates": [ [ [ 114.3567729, 30.4758062 ], [ 114.3567675, 30.4751093 ], [ 114.3567728, 30.4748785 ] ] ] } },
{ "type": "Feature", "properties": { "osm_id": "849511855", "code": 5123, "fclass": "living_street", "name": null, "ref": null, "oneway": "B", "maxspeed": 0, "layer": 0, "bridge": "F", "tunnel": "F" }, "geometry": { "type": "MultiLineString", "coordinates": [ [ [ 114.3566716, 30.4732796 ], [ 114.3576586, 30.4732708 ] ] ] } },
{ "type": "Feature", "properties": { "osm_id": "849511856", "code": 5123, "fclass": "living_street", "name": null, "ref": null, "oneway": "B", "maxspeed": 0, "layer": 0, "bridge": "F", "tunnel": "F" }, "geometry": { "type": "MultiLineString", "coordinates": [ [ [ 114.3576607, 30.4729351 ], [ 114.35667, 30.4729341 ], [ 114.3563319, 30.472938 ], [ 114.3560756, 30.4729409 ], [ 114.3557621, 30.4729445 ] ] ] } },
{ "type": "Feature", "properties": { "osm_id": "849511857", "code": 5123, "fclass": "living_street", "name": null, "ref": null, "oneway": "B", "maxspeed": 0, "layer": 0, "bridge": "F", "tunnel": "F" }, "geometry": { "type": "MultiLineString", "coordinates": [ [ [ 114.3576745, 30.4721272 ], [ 114.3566548, 30.4721298 ] ] ] } },
{ "type": "Feature", "properties": { "osm_id": "849511858", "code": 5123, "fclass": "living_street", "name": null, "ref": null, "oneway": "B", "maxspeed": 0, "layer": 0, "bridge": "F", "tunnel": "F" }, "geometry": { "type": "MultiLineString", "coordinates": [ [ [ 114.3566584, 30.4722962 ], [ 114.3557572, 30.4722964 ] ] ] } },
{ "type": "Feature", "properties": { "osm_id": "849511860", "code": 5153, "fclass": "footway", "name": null, "ref": null, "oneway": "B", "maxspeed": 0, "layer": 0, "bridge": "F", "tunnel": "F" }, "geometry": { "type": "MultiLineString", "coordinates": [ [ [ 114.3546851, 30.4747851 ], [ 114.3543442, 30.4747684 ], [ 114.3541167, 30.474744 ], [ 114.3539284, 30.4747315 ] ] ] } },
{ "type": "Feature", "properties": { "osm_id": "854259587", "code": 5123, "fclass": "living_street", "name": null, "ref": null, "oneway": "B", "maxspeed": 0, "layer": 0, "bridge": "F", "tunnel": "F" }, "geometry": { "type": "MultiLineString", "coordinates": [ [ [ 114.3567729, 30.4758062 ], [ 114.3564548, 30.4757716 ] ] ] } },
{ "type": "Feature", "properties": { "osm_id": "854259588", "code": 5122, "fclass": "residential", "name": null, "ref": null, "oneway": "B", "maxspeed": 0, "layer": 0, "bridge": "F", "tunnel": "F" }, "geometry": { "type": "MultiLineString", "coordinates": [ [ [ 114.3567728, 30.4748785 ], [ 114.3567841, 30.4743316 ], [ 114.356783, 30.4738814 ] ] ] } },
{ "type": "Feature", "properties": { "osm_id": "854259594", "code": 5121, "fclass": "unclassified", "name": null, "ref": null, "oneway": "B", "maxspeed": 0, "layer": 0, "bridge": "F", "tunnel": "F" }, "geometry": { "type": "MultiLineString", "coordinates": [ [ [ 114.3564827, 30.4772513 ], [ 114.35648, 30.4774163 ], [ 114.3565765, 30.4774324 ], [ 114.356617, 30.4774794 ], [ 114.3566265, 30.4783902 ], [ 114.3566326, 30.4786968 ] ] ] } },
{ "type": "Feature", "properties": { "osm_id": "854259597", "code": 5121, "fclass": "unclassified", "name": null, "ref": null, "oneway": "B", "maxspeed": 0, "layer": 0, "bridge": "F", "tunnel": "F" }, "geometry": { "type": "MultiLineString", "coordinates": [ [ [ 114.3491822, 30.4661103 ], [ 114.348542, 30.4666559 ], [ 114.3484634, 30.4667669 ], [ 114.3484419, 30.4668964 ], [ 114.3484496, 30.4670615 ], [ 114.3487381, 30.4673747 ], [ 114.3490924, 30.4677494 ], [ 114.3491677, 30.467829 ], [ 114.3495973, 30.4683174 ], [ 114.3499461, 30.4688223 ], [ 114.3492913, 30.4692945 ], [ 114.3483853, 30.4694702 ], [ 114.3483826, 30.4691261 ], [ 114.348394, 30.4690695 ], [ 114.3484319, 30.4688823 ], [ 114.3484347, 30.4687595 ], [ 114.3481884, 30.4685593 ], [ 114.3481096, 30.4684213 ], [ 114.3480236, 30.4682708 ] ] ] } },
{ "type": "Feature", "properties": { "osm_id": "854259598", "code": 5121, "fclass": "unclassified", "name": null, "ref": null, "oneway": "B", "maxspeed": 0, "layer": 0, "bridge": "F", "tunnel": "F" }, "geometry": { "type": "MultiLineString", "coordinates": [ [ [ 114.3616175, 30.46715 ], [ 114.3615925, 30.4670703 ], [ 114.3613008, 30.466162 ], [ 114.361535, 30.4661859 ], [ 114.362079363661252, 30.466300420529087 ] ] ] } },
{ "type": "Feature", "properties": { "osm_id": "854259599", "code": 5121, "fclass": "unclassified", "name": null, "ref": null, "oneway": "B", "maxspeed": 0, "layer": 0, "bridge": "F", "tunnel": "F" }, "geometry": { "type": "MultiLineString", "coordinates": [ [ [ 114.3530184, 30.4723668 ], [ 114.3530368, 30.4706704 ], [ 114.3530568, 30.4690486 ], [ 114.3530667, 30.4682301 ], [ 114.3530742, 30.4676054 ], [ 114.3530862, 30.4659027 ] ] ] } },
{ "type": "Feature", "properties": { "osm_id": "854259600", "code": 5141, "fclass": "service", "name": null, "ref": null, "oneway": "B", "maxspeed": 0, "layer": 0, "bridge": "F", "tunnel": "F" }, "geometry": { "type": "MultiLineString", "coordinates": [ [ [ 114.3582027, 30.4686684 ], [ 114.3565988, 30.4687954 ], [ 114.3561674, 30.4688296 ], [ 114.3556876, 30.4688676 ], [ 114.3544826, 30.4689505 ], [ 114.3530568, 30.4690486 ], [ 114.3515885, 30.4691512 ], [ 114.3510693, 30.4691875 ], [ 114.3501991, 30.4692483 ], [ 114.3500696, 30.4690236 ] ] ] } },
{ "type": "Feature", "properties": { "osm_id": "854259601", "code": 5141, "fclass": "service", "name": null, "ref": null, "oneway": "B", "maxspeed": 0, "layer": 0, "bridge": "F", "tunnel": "F" }, "geometry": { "type": "MultiLineString", "coordinates": [ [ [ 114.3501844, 30.4733288 ], [ 114.3501889, 30.4720777 ], [ 114.350191, 30.4715021 ], [ 114.3501991, 30.4692483 ] ] ] } },
{ "type": "Feature", "properties": { "osm_id": "854259602", "code": 5141, "fclass": "service", "name": null, "ref": null, "oneway": "B", "maxspeed": 0, "layer": 0, "bridge": "F", "tunnel": "F" }, "geometry": { "type": "MultiLineString", "coordinates": [ [ [ 114.3557871, 30.4701692 ], [ 114.3557828, 30.4701126 ], [ 114.3556876, 30.4688676 ], [ 114.3556062, 30.4675455 ], [ 114.355597, 30.4673952 ], [ 114.355508, 30.4659497 ], [ 114.3555326, 30.4652085 ], [ 114.355535, 30.4651356 ] ] ] } },
{ "type": "Feature", "properties": { "osm_id": "854259604", "code": 5154, "fclass": "path", "name": null, "ref": null, "oneway": "B", "maxspeed": 0, "layer": 0, "bridge": "F", "tunnel": "F" }, "geometry": { "type": "MultiLineString", "coordinates": [ [ [ 114.3609481, 30.4749565 ], [ 114.3610589, 30.4749782 ], [ 114.3611805, 30.4749833 ], [ 114.3613102, 30.4749751 ], [ 114.3614317, 30.474967 ], [ 114.3615096, 30.4749762 ], [ 114.3615863, 30.4749873 ] ] ] } },
{ "type": "Feature", "properties": { "osm_id": "854259605", "code": 5154, "fclass": "path", "name": null, "ref": null, "oneway": "B", "maxspeed": 0, "layer": 0, "bridge": "F", "tunnel": "F" }, "geometry": { "type": "MultiLineString", "coordinates": [ [ [ 114.3618196, 30.4752571 ], [ 114.3617978, 30.4752304 ], [ 114.3617485, 30.4751791 ], [ 114.3616992, 30.4751463 ], [ 114.3616509, 30.4750923 ], [ 114.361615, 30.4750463 ], [ 114.3615863, 30.4749873 ], [ 114.3615748, 30.4749192 ], [ 114.3615866, 30.4748267 ], [ 114.3616196, 30.4747555 ], [ 114.3616872, 30.4746767 ], [ 114.3617888, 30.474623 ], [ 114.3618845, 30.4745818 ], [ 114.3619921, 30.4745547 ], [ 114.3622028, 30.4744774 ], [ 114.3622851, 30.4744597 ] ] ] } },
{ "type": "Feature", "properties": { "osm_id": "854259606", "code": 5154, "fclass": "path", "name": null, "ref": null, "oneway": "B", "maxspeed": 0, "layer": 0, "bridge": "F", "tunnel": "F" }, "geometry": { "type": "MultiLineString", "coordinates": [ [ [ 114.3619921, 30.4745547 ], [ 114.3617331, 30.4744248 ], [ 114.3614659, 30.4743505 ], [ 114.3613489, 30.4743021 ], [ 114.3613154, 30.4742795 ], [ 114.3612426, 30.4742177 ], [ 114.3608941, 30.4741178 ], [ 114.3606642, 30.4740519 ], [ 114.3605442, 30.4740266 ], [ 114.3604207, 30.4740276 ], [ 114.3600097, 30.4740861 ], [ 114.3598404, 30.4740682 ], [ 114.3597491, 30.4740715 ] ] ] } },
{ "type": "Feature", "properties": { "osm_id": "854259607", "code": 5154, "fclass": "path", "name": null, "ref": null, "oneway": "B", "maxspeed": 0, "layer": 0, "bridge": "F", "tunnel": "F" }, "geometry": { "type": "MultiLineString", "coordinates": [ [ [ 114.360825, 30.4745278 ], [ 114.3607872, 30.4744363 ], [ 114.3606834, 30.4743549 ], [ 114.3605796, 30.4742634 ], [ 114.3604663, 30.4741394 ], [ 114.3604207, 30.4740276 ] ] ] } },
{ "type": "Feature", "properties": { "osm_id": "854259608", "code": 5154, "fclass": "path", "name": null, "ref": null, "oneway": "B", "maxspeed": 0, "layer": 0, "bridge": "F", "tunnel": "F" }, "geometry": { "type": "MultiLineString", "coordinates": [ [ [ 114.3608391, 30.4746437 ], [ 114.3610073, 30.474595 ], [ 114.3611482, 30.4745109 ], [ 114.3612241, 30.4744431 ], [ 114.361262, 30.4743473 ], [ 114.3613154, 30.4742795 ], [ 114.3615258, 30.4739806 ], [ 114.3621872, 30.4731663 ], [ 114.3622378, 30.4729907 ], [ 114.3622599, 30.472923 ], [ 114.3622931, 30.4728975 ], [ 114.3623378, 30.4728264 ], [ 114.3625837, 30.4726573 ], [ 114.3626958, 30.472558 ], [ 114.3627255, 30.4725014 ], [ 114.3627518, 30.4724561 ], [ 114.3627617, 30.4724216 ], [ 114.3627951, 30.4723056 ], [ 114.3628854, 30.4721392 ], [ 114.3630286, 30.4719943 ], [ 114.3631594, 30.4718897 ], [ 114.3632969, 30.4718343 ], [ 114.3633803, 30.4718343 ], [ 114.3636038, 30.4718354 ], [ 114.3636403, 30.4718343 ] ] ] } },
{ "type": "Feature", "properties": { "osm_id": "854259611", "code": 5141, "fclass": "service", "name": null, "ref": null, "oneway": "B", "maxspeed": 0, "layer": 0, "bridge": "F", "tunnel": "F" }, "geometry": { "type": "MultiLineString", "coordinates": [ [ [ 114.3628388, 30.4697473 ], [ 114.3625985, 30.4699052 ], [ 114.3622185, 30.4700829 ], [ 114.3619594, 30.4701537 ], [ 114.3616197, 30.4702705 ], [ 114.3615657, 30.4703883 ], [ 114.3614705, 30.4704831 ], [ 114.361227, 30.4706159 ], [ 114.3608657, 30.4706857 ], [ 114.3606725, 30.4713459 ], [ 114.36061, 30.4715593 ], [ 114.3605849, 30.4716133 ], [ 114.3604035, 30.471591 ] ] ] } },
{ "type": "Feature", "properties": { "osm_id": "854259617", "code": 5152, "fclass": "cycleway", "name": null, "ref": null, "oneway": "B", "maxspeed": 0, "layer": 0, "bridge": "F", "tunnel": "F" }, "geometry": { "type": "MultiLineString", "coordinates": [ [ [ 114.3529951, 30.4729637 ], [ 114.3533007, 30.4728607 ], [ 114.3533391, 30.4729513 ] ] ] } },
{ "type": "Feature", "properties": { "osm_id": "854259618", "code": 5152, "fclass": "cycleway", "name": null, "ref": null, "oneway": "B", "maxspeed": 0, "layer": 0, "bridge": "F", "tunnel": "F" }, "geometry": { "type": "MultiLineString", "coordinates": [ [ [ 114.3529951, 30.4729637 ], [ 114.3527488, 30.4730454 ], [ 114.3527009, 30.4730225 ], [ 114.3526491, 30.4730083 ] ] ] } },
{ "type": "Feature", "properties": { "osm_id": "854259619", "code": 5152, "fclass": "cycleway", "name": null, "ref": null, "oneway": "B", "maxspeed": 0, "layer": 0, "bridge": "F", "tunnel": "F" }, "geometry": { "type": "MultiLineString", "coordinates": [ [ [ 114.3533391, 30.4729513 ], [ 114.3530325, 30.4730507 ], [ 114.3529951, 30.4729637 ] ] ] } },
{ "type": "Feature", "properties": { "osm_id": "901060657", "code": 5155, "fclass": "steps", "name": null, "ref": null, "oneway": "B", "maxspeed": 0, "layer": 0, "bridge": "F", "tunnel": "F" }, "geometry": { "type": "MultiLineString", "coordinates": [ [ [ 114.3586382, 30.4734038 ], [ 114.3586374, 30.4732543 ] ] ] } },
{ "type": "Feature", "properties": { "osm_id": "901060658", "code": 5122, "fclass": "residential", "name": "金菊路（荟园主干道）", "ref": null, "oneway": "B", "maxspeed": 0, "layer": 0, "bridge": "F", "tunnel": "F" }, "geometry": { "type": "MultiLineString", "coordinates": [ [ [ 114.3586385, 30.4734474 ], [ 114.3586382, 30.4734038 ] ] ] } },
{ "type": "Feature", "properties": { "osm_id": "901060659", "code": 5155, "fclass": "steps", "name": null, "ref": null, "oneway": "B", "maxspeed": 0, "layer": 0, "bridge": "F", "tunnel": "F" }, "geometry": { "type": "MultiLineString", "coordinates": [ [ [ 114.3578133, 30.4732849 ], [ 114.3576581, 30.4732864 ] ] ] } },
{ "type": "Feature", "properties": { "osm_id": "901060660", "code": 5154, "fclass": "path", "name": null, "ref": null, "oneway": "B", "maxspeed": 0, "layer": 1, "bridge": "T", "tunnel": "F" }, "geometry": { "type": "MultiLineString", "coordinates": [ [ [ 114.3579876, 30.4727393 ], [ 114.35793, 30.4727809 ] ] ] } },
{ "type": "Feature", "properties": { "osm_id": "901060661", "code": 5154, "fclass": "path", "name": null, "ref": null, "oneway": "B", "maxspeed": 0, "layer": 0, "bridge": "F", "tunnel": "F" }, "geometry": { "type": "MultiLineString", "coordinates": [ [ [ 114.3584074, 30.4725544 ], [ 114.3583752, 30.4726214 ], [ 114.3583028, 30.4726364 ], [ 114.3581969, 30.4726434 ], [ 114.3580601, 30.4726942 ], [ 114.3579876, 30.4727393 ] ] ] } },
{ "type": "Feature", "properties": { "osm_id": "901060662", "code": 5154, "fclass": "path", "name": null, "ref": null, "oneway": "B", "maxspeed": 0, "layer": 0, "bridge": "F", "tunnel": "F" }, "geometry": { "type": "MultiLineString", "coordinates": [ [ [ 114.3586382, 30.4734038 ], [ 114.3585375, 30.4733832 ], [ 114.3584436, 30.4733392 ], [ 114.3583702, 30.4732749 ] ] ] } },
{ "type": "Feature", "properties": { "osm_id": "901060663", "code": 5154, "fclass": "path", "name": null, "ref": null, "oneway": "B", "maxspeed": 0, "layer": 0, "bridge": "F", "tunnel": "F" }, "geometry": { "type": "MultiLineString", "coordinates": [ [ [ 114.3583833, 30.4737004 ], [ 114.3583859, 30.4736039 ], [ 114.3583404, 30.4734906 ], [ 114.358284, 30.4734143 ] ] ] } },
{ "type": "Feature", "properties": { "osm_id": "901060664", "code": 5154, "fclass": "path", "name": null, "ref": null, "oneway": "B", "maxspeed": 0, "layer": 0, "bridge": "F", "tunnel": "F" }, "geometry": { "type": "MultiLineString", "coordinates": [ [ [ 114.3583752, 30.4726214 ], [ 114.3584611, 30.472663 ], [ 114.3585268, 30.4727613 ], [ 114.3586346, 30.4729104 ] ] ] } },
{ "type": "Feature", "properties": { "osm_id": "901060665", "code": 5154, "fclass": "path", "name": null, "ref": null, "oneway": "B", "maxspeed": 0, "layer": 0, "bridge": "F", "tunnel": "F" }, "geometry": { "type": "MultiLineString", "coordinates": [ [ [ 114.3580601, 30.4726942 ], [ 114.3580681, 30.4725549 ] ] ] } },
{ "type": "Feature", "properties": { "osm_id": "901060666", "code": 5154, "fclass": "path", "name": null, "ref": null, "oneway": "B", "maxspeed": 0, "layer": 0, "bridge": "F", "tunnel": "F" }, "geometry": { "type": "MultiLineString", "coordinates": [ [ [ 114.35793, 30.4727809 ], [ 114.3579273, 30.4728202 ], [ 114.3579662, 30.4728387 ], [ 114.3580225, 30.4728595 ], [ 114.3580426, 30.4729289 ], [ 114.3580037, 30.4729901 ], [ 114.3579783, 30.473026 ], [ 114.3579233, 30.4730398 ], [ 114.3578884, 30.4730895 ], [ 114.3578683, 30.4731577 ] ] ] } },
{ "type": "Feature", "properties": { "osm_id": "901060667", "code": 5154, "fclass": "path", "name": null, "ref": null, "oneway": "B", "maxspeed": 0, "layer": 0, "bridge": "F", "tunnel": "F" }, "geometry": { "type": "MultiLineString", "coordinates": [ [ [ 114.3578683, 30.4731577 ], [ 114.3578133, 30.4732849 ], [ 114.3578482, 30.4733716 ], [ 114.3579514, 30.4734467 ], [ 114.3580788, 30.4734548 ], [ 114.358284, 30.4734143 ], [ 114.3583162, 30.4733716 ], [ 114.3583363, 30.4732964 ], [ 114.3583702, 30.4732749 ], [ 114.3584637, 30.4732155 ], [ 114.3586367, 30.4731867 ] ] ] } },
{ "type": "Feature", "properties": { "osm_id": "901060668", "code": 5154, "fclass": "path", "name": null, "ref": null, "oneway": "B", "maxspeed": 0, "layer": 0, "bridge": "F", "tunnel": "F" }, "geometry": { "type": "MultiLineString", "coordinates": [ [ [ 114.3606725, 30.4713459 ], [ 114.3618417, 30.4706069 ], [ 114.3626252, 30.470208 ] ] ] } },
{ "type": "Feature", "properties": { "osm_id": "901060669", "code": 5154, "fclass": "path", "name": null, "ref": null, "oneway": "B", "maxspeed": 0, "layer": 0, "bridge": "F", "tunnel": "F" }, "geometry": { "type": "MultiLineString", "coordinates": [ [ [ 114.3627255, 30.4725014 ], [ 114.3626498, 30.4724694 ], [ 114.3625881, 30.4723688 ], [ 114.3625223, 30.4723284 ], [ 114.3623507, 30.4722787 ], [ 114.3622501, 30.4722197 ], [ 114.3621683, 30.4721273 ], [ 114.3620476, 30.4720105 ], [ 114.3619577, 30.4719863 ] ] ] } },
{ "type": "Feature", "properties": { "osm_id": "901060670", "code": 5154, "fclass": "path", "name": null, "ref": null, "oneway": "B", "maxspeed": 0, "layer": 0, "bridge": "F", "tunnel": "F" }, "geometry": { "type": "MultiLineString", "coordinates": [ [ [ 114.3612546, 30.4721727 ], [ 114.3616904, 30.4722966 ] ] ] } },
{ "type": "Feature", "properties": { "osm_id": "901060671", "code": 5154, "fclass": "path", "name": null, "ref": null, "oneway": "B", "maxspeed": 0, "layer": 0, "bridge": "F", "tunnel": "F" }, "geometry": { "type": "MultiLineString", "coordinates": [ [ [ 114.3622378, 30.4729907 ], [ 114.3620978, 30.4728383 ], [ 114.3619919, 30.4728349 ], [ 114.3618738, 30.472843 ], [ 114.3617719, 30.4727308 ], [ 114.3616405, 30.4726996 ], [ 114.3615909, 30.4726002 ] ] ] } },
{ "type": "Feature", "properties": { "osm_id": "901060672", "code": 5154, "fclass": "path", "name": null, "ref": null, "oneway": "B", "maxspeed": 0, "layer": 0, "bridge": "F", "tunnel": "F" }, "geometry": { "type": "MultiLineString", "coordinates": [ [ [ 114.3622931, 30.4728975 ], [ 114.3623994, 30.4729273 ], [ 114.3624692, 30.4729609 ], [ 114.3625429, 30.472977 ], [ 114.3626153, 30.4730776 ], [ 114.362795, 30.4731019 ], [ 114.3628557, 30.4731729 ], [ 114.3629761, 30.4731681 ], [ 114.3630212, 30.4731664 ] ] ] } },
{ "type": "Feature", "properties": { "osm_id": "901060673", "code": 5141, "fclass": "service", "name": null, "ref": null, "oneway": "B", "maxspeed": 0, "layer": 0, "bridge": "F", "tunnel": "F" }, "geometry": { "type": "MultiLineString", "coordinates": [ [ [ 114.36128, 30.4692485 ], [ 114.3612009, 30.4690417 ], [ 114.3610796, 30.4685509 ], [ 114.3610373, 30.4683227 ], [ 114.360588, 30.4683181 ] ] ] } },
{ "type": "Feature", "properties": { "osm_id": "901060674", "code": 5141, "fclass": "service", "name": null, "ref": null, "oneway": "B", "maxspeed": 0, "layer": 0, "bridge": "F", "tunnel": "F" }, "geometry": { "type": "MultiLineString", "coordinates": [ [ [ 114.3582254, 30.4702308 ], [ 114.3585281, 30.4701178 ], [ 114.3588929, 30.4698173 ], [ 114.3591075, 30.4697468 ], [ 114.3594226, 30.4697075 ], [ 114.3595488, 30.4697031 ], [ 114.3597539, 30.4696959 ], [ 114.3602246, 30.4696532 ], [ 114.3607691, 30.4695387 ], [ 114.3608662, 30.4694874 ], [ 114.3610668, 30.4693815 ], [ 114.36128, 30.4692485 ], [ 114.3614021, 30.4691723 ], [ 114.3615188, 30.4691573 ], [ 114.361854, 30.4691457 ], [ 114.3621839, 30.4691145 ], [ 114.3625099, 30.4690521 ] ] ] } },
{ "type": "Feature", "properties": { "osm_id": "901060675", "code": 5141, "fclass": "service", "name": null, "ref": null, "oneway": "B", "maxspeed": 0, "layer": 0, "bridge": "F", "tunnel": "F" }, "geometry": { "type": "MultiLineString", "coordinates": [ [ [ 114.3619998, 30.4708964 ], [ 114.3618417, 30.4706069 ], [ 114.3616197, 30.4702705 ], [ 114.3615968, 30.4702336 ], [ 114.3610668, 30.4693815 ] ] ] } },
{ "type": "Feature", "properties": { "osm_id": "901060677", "code": 5141, "fclass": "service", "name": null, "ref": null, "oneway": "B", "maxspeed": 0, "layer": 0, "bridge": "F", "tunnel": "F" }, "geometry": { "type": "MultiLineString", "coordinates": [ [ [ 114.3585287, 30.4708914 ], [ 114.3591799, 30.4706946 ], [ 114.3593514, 30.4706763 ], [ 114.3598971, 30.4706386 ], [ 114.360165, 30.470714 ] ] ] } },
{ "type": "Feature", "properties": { "osm_id": "901060679", "code": 5154, "fclass": "path", "name": null, "ref": null, "oneway": "B", "maxspeed": 0, "layer": 0, "bridge": "F", "tunnel": "F" }, "geometry": { "type": "MultiLineString", "coordinates": [ [ [ 114.36061, 30.4715593 ], [ 114.361386, 30.4717499 ], [ 114.3614678, 30.471736 ], [ 114.3618742, 30.4719152 ] ] ] } },
{ "type": "Feature", "properties": { "osm_id": "913470206", "code": 5115, "fclass": "tertiary", "name": "狮子山大道", "ref": null, "oneway": "F", "maxspeed": 0, "layer": 0, "bridge": "F", "tunnel": "F" }, "geometry": { "type": "MultiLineString", "coordinates": [ [ [ 114.3440189, 30.47605 ], [ 114.3439642, 30.47595 ] ] ] } },
{ "type": "Feature", "properties": { "osm_id": "913470207", "code": 5124, "fclass": "pedestrian", "name": null, "ref": null, "oneway": "B", "maxspeed": 0, "layer": 0, "bridge": "F", "tunnel": "F" }, "geometry": { "type": "MultiLineString", "coordinates": [ [ [ 114.344451, 30.4770351 ], [ 114.3436379, 30.4770436 ] ] ] } },
{ "type": "Feature", "properties": { "osm_id": "913470208", "code": 5153, "fclass": "footway", "name": null, "ref": null, "oneway": "B", "maxspeed": 0, "layer": 0, "bridge": "F", "tunnel": "F" }, "geometry": { "type": "MultiLineString", "coordinates": [ [ [ 114.3442212, 30.4760369 ], [ 114.3444975, 30.4769916 ], [ 114.344451, 30.4770351 ] ] ] } },
{ "type": "Feature", "properties": { "osm_id": "913470209", "code": 5124, "fclass": "pedestrian", "name": null, "ref": null, "oneway": "B", "maxspeed": 0, "layer": 0, "bridge": "F", "tunnel": "F" }, "geometry": { "type": "MultiLineString", "coordinates": [ [ [ 114.3448667, 30.4778271 ], [ 114.3449358, 30.4778294 ] ] ] } },
{ "type": "Feature", "properties": { "osm_id": "913470210", "code": 5124, "fclass": "pedestrian", "name": null, "ref": null, "oneway": "B", "maxspeed": 0, "layer": 0, "bridge": "F", "tunnel": "T" }, "geometry": { "type": "MultiLineString", "coordinates": [ [ [ 114.3447874, 30.4778228 ], [ 114.3448667, 30.4778271 ] ] ] } },
{ "type": "Feature", "properties": { "osm_id": "913470211", "code": 5124, "fclass": "pedestrian", "name": null, "ref": null, "oneway": "B", "maxspeed": 0, "layer": 0, "bridge": "F", "tunnel": "T" }, "geometry": { "type": "MultiLineString", "coordinates": [ [ [ 114.3445093, 30.4778158 ], [ 114.3446233, 30.4778169 ] ] ] } },
{ "type": "Feature", "properties": { "osm_id": "913470212", "code": 5124, "fclass": "pedestrian", "name": null, "ref": null, "oneway": "B", "maxspeed": 0, "layer": 0, "bridge": "F", "tunnel": "F" }, "geometry": { "type": "MultiLineString", "coordinates": [ [ [ 114.3444532, 30.4778169 ], [ 114.3445093, 30.4778158 ] ] ] } },
{ "type": "Feature", "properties": { "osm_id": "913470213", "code": 5124, "fclass": "pedestrian", "name": null, "ref": null, "oneway": "B", "maxspeed": 0, "layer": 0, "bridge": "F", "tunnel": "F" }, "geometry": { "type": "MultiLineString", "coordinates": [ [ [ 114.3446233, 30.4778169 ], [ 114.3447874, 30.4778228 ] ] ] } },
{ "type": "Feature", "properties": { "osm_id": "913470216", "code": 5124, "fclass": "pedestrian", "name": null, "ref": null, "oneway": "B", "maxspeed": 0, "layer": 0, "bridge": "F", "tunnel": "F" }, "geometry": { "type": "MultiLineString", "coordinates": [ [ [ 114.3444578, 30.4775236 ], [ 114.3444532, 30.4778169 ], [ 114.3436244, 30.4778123 ] ] ] } },
{ "type": "Feature", "properties": { "osm_id": "913470217", "code": 5124, "fclass": "pedestrian", "name": null, "ref": null, "oneway": "B", "maxspeed": 0, "layer": 0, "bridge": "F", "tunnel": "F" }, "geometry": { "type": "MultiLineString", "coordinates": [ [ [ 114.3444578, 30.4775236 ], [ 114.3448237, 30.4774827 ] ] ] } },
{ "type": "Feature", "properties": { "osm_id": "913470218", "code": 5121, "fclass": "unclassified", "name": "梧桐路", "ref": null, "oneway": "B", "maxspeed": 0, "layer": 0, "bridge": "F", "tunnel": "F" }, "geometry": { "type": "MultiLineString", "coordinates": [ [ [ 114.3433129, 30.4734636 ], [ 114.3433757, 30.4738567 ], [ 114.3436034, 30.4753554 ], [ 114.343657, 30.475975 ], [ 114.3436468, 30.4760777 ] ] ] } },
{ "type": "Feature", "properties": { "osm_id": "913470219", "code": 5115, "fclass": "tertiary", "name": "学府路", "ref": null, "oneway": "B", "maxspeed": 0, "layer": 0, "bridge": "F", "tunnel": "F" }, "geometry": { "type": "MultiLineString", "coordinates": [ [ [ 114.3440021, 30.4734789 ], [ 114.343458, 30.4734665 ], [ 114.3433129, 30.4734636 ] ] ] } },
{ "type": "Feature", "properties": { "osm_id": "913470222", "code": 5121, "fclass": "unclassified", "name": null, "ref": null, "oneway": "B", "maxspeed": 0, "layer": 0, "bridge": "F", "tunnel": "F" }, "geometry": { "type": "MultiLineString", "coordinates": [ [ [ 114.3539284, 30.4726907 ], [ 114.3541414, 30.4726892 ], [ 114.3543305, 30.4726879 ], [ 114.3547247, 30.4726852 ], [ 114.3557584, 30.472678 ] ] ] } },
{ "type": "Feature", "properties": { "osm_id": "913470226", "code": 5141, "fclass": "service", "name": null, "ref": null, "oneway": "B", "maxspeed": 0, "layer": 0, "bridge": "F", "tunnel": "F" }, "geometry": { "type": "MultiLineString", "coordinates": [ [ [ 114.3610796, 30.4685509 ], [ 114.3605746, 30.4686325 ], [ 114.360462, 30.4686683 ], [ 114.3603292, 30.4687457 ], [ 114.3602058, 30.4687758 ], [ 114.3600596, 30.4687677 ], [ 114.3594441, 30.468718 ], [ 114.3587507, 30.4686648 ], [ 114.3583176, 30.4686718 ], [ 114.3582027, 30.4686684 ] ] ] } },
{ "type": "Feature", "properties": { "osm_id": "913470227", "code": 5152, "fclass": "cycleway", "name": null, "ref": null, "oneway": "B", "maxspeed": 0, "layer": 0, "bridge": "F", "tunnel": "F" }, "geometry": { "type": "MultiLineString", "coordinates": [ [ [ 114.3608662, 30.4694874 ], [ 114.3607637, 30.4692671 ], [ 114.3606189, 30.4689353 ], [ 114.3605129, 30.4688278 ], [ 114.3603989, 30.4687585 ], [ 114.3603292, 30.4687457 ] ] ] } },
{ "type": "Feature", "properties": { "osm_id": "913470229", "code": 5154, "fclass": "path", "name": null, "ref": null, "oneway": "B", "maxspeed": 0, "layer": 0, "bridge": "F", "tunnel": "F" }, "geometry": { "type": "MultiLineString", "coordinates": [ [ [ 114.3605849, 30.4716133 ], [ 114.3602873, 30.4724632 ], [ 114.3599517, 30.4736018 ] ] ] } },
{ "type": "Feature", "properties": { "osm_id": "920121532", "code": 5153, "fclass": "footway", "name": null, "ref": null, "oneway": "B", "maxspeed": 0, "layer": 0, "bridge": "F", "tunnel": "F" }, "geometry": { "type": "MultiLineString", "coordinates": [ [ [ 114.334285, 30.4786167 ], [ 114.3348388, 30.4786433 ], [ 114.3349904, 30.4787068 ], [ 114.3351563, 30.4787148 ] ] ] } },
{ "type": "Feature", "properties": { "osm_id": "920121533", "code": 5153, "fclass": "footway", "name": null, "ref": null, "oneway": "B", "maxspeed": 0, "layer": 0, "bridge": "F", "tunnel": "F" }, "geometry": { "type": "MultiLineString", "coordinates": [ [ [ 114.3337428, 30.4790003 ], [ 114.333998, 30.4788409 ], [ 114.334285, 30.4786167 ], [ 114.3348657, 30.4780804 ] ] ] } },
{ "type": "Feature", "properties": { "osm_id": "920121534", "code": 5153, "fclass": "footway", "name": null, "ref": null, "oneway": "B", "maxspeed": 0, "layer": 0, "bridge": "F", "tunnel": "F" }, "geometry": { "type": "MultiLineString", "coordinates": [ [ [ 114.3336814, 30.479098 ], [ 114.333711, 30.4790744 ], [ 114.3337428, 30.4790003 ], [ 114.3338303, 30.4787744 ], [ 114.3338317, 30.4786906 ], [ 114.3337713, 30.4781983 ], [ 114.3337193, 30.4779118 ], [ 114.3337111, 30.4778577 ], [ 114.3337358, 30.477781 ], [ 114.3337223, 30.4776787 ], [ 114.3337111, 30.4776478 ], [ 114.3336768, 30.4775129 ], [ 114.3331591, 30.477499 ], [ 114.3329901, 30.4774204 ], [ 114.332864116100538, 30.477229483752645 ] ] ] } },
{ "type": "Feature", "properties": { "osm_id": "920121535", "code": 5121, "fclass": "unclassified", "name": null, "ref": null, "oneway": "B", "maxspeed": 0, "layer": 0, "bridge": "F", "tunnel": "F" }, "geometry": { "type": "MultiLineString", "coordinates": [ [ [ 114.3353351, 30.479689 ], [ 114.3353176, 30.4789149 ], [ 114.3351956, 30.4788397 ], [ 114.3351563, 30.4787148 ], [ 114.3349662, 30.47807 ] ] ] } },
{ "type": "Feature", "properties": { "osm_id": "920121539", "code": 5121, "fclass": "unclassified", "name": null, "ref": null, "oneway": "B", "maxspeed": 0, "layer": 0, "bridge": "F", "tunnel": "F" }, "geometry": { "type": "MultiLineString", "coordinates": [ [ [ 114.3366641, 30.4780469 ], [ 114.3349662, 30.47807 ] ] ] } },
{ "type": "Feature", "properties": { "osm_id": "920121540", "code": 5115, "fclass": "tertiary", "name": "翠竹路", "ref": null, "oneway": "B", "maxspeed": 0, "layer": 0, "bridge": "F", "tunnel": "T" }, "geometry": { "type": "MultiLineString", "coordinates": [ [ [ 114.3480695, 30.4806832 ], [ 114.3480957, 30.4805821 ], [ 114.3481137, 30.4804745 ], [ 114.3481164, 30.4803659 ], [ 114.3481084, 30.4802648 ] ] ] } },
{ "type": "Feature", "properties": { "osm_id": "920121541", "code": 5115, "fclass": "tertiary", "name": "翠竹路", "ref": null, "oneway": "B", "maxspeed": 0, "layer": 0, "bridge": "F", "tunnel": "F" }, "geometry": { "type": "MultiLineString", "coordinates": [ [ [ 114.3481084, 30.4802648 ], [ 114.348075, 30.4800768 ], [ 114.3478393, 30.4794389 ] ] ] } },
{ "type": "Feature", "properties": { "osm_id": "920121542", "code": 5121, "fclass": "unclassified", "name": "金菊路", "ref": null, "oneway": "B", "maxspeed": 0, "layer": 0, "bridge": "F", "tunnel": "F" }, "geometry": { "type": "MultiLineString", "coordinates": [ [ [ 114.3580412, 30.4796906 ], [ 114.3581538, 30.47929 ] ] ] } },
{ "type": "Feature", "properties": { "osm_id": "920121543", "code": 5121, "fclass": "unclassified", "name": null, "ref": null, "oneway": "B", "maxspeed": 0, "layer": 0, "bridge": "F", "tunnel": "F" }, "geometry": { "type": "MultiLineString", "coordinates": [ [ [ 114.3562897, 30.4802059 ], [ 114.3557586, 30.4796396 ], [ 114.3557232, 30.4793761 ], [ 114.3557482, 30.478687 ], [ 114.355733, 30.4777687 ], [ 114.3557358, 30.4772539 ], [ 114.3557512, 30.4763948 ], [ 114.3557541, 30.4760255 ] ] ] } },
{ "type": "Feature", "properties": { "osm_id": "920121544", "code": 5121, "fclass": "unclassified", "name": null, "ref": null, "oneway": "B", "maxspeed": 0, "layer": 0, "bridge": "F", "tunnel": "F" }, "geometry": { "type": "MultiLineString", "coordinates": [ [ [ 114.3502358, 30.4783649 ], [ 114.3502466, 30.478135 ], [ 114.3502913, 30.4775414 ], [ 114.3502317, 30.4768141 ], [ 114.3502185, 30.4761375 ], [ 114.3502164, 30.4759987 ] ] ] } },
{ "type": "Feature", "properties": { "osm_id": "920121545", "code": 5121, "fclass": "unclassified", "name": "学院路", "ref": null, "oneway": "B", "maxspeed": 0, "layer": 0, "bridge": "F", "tunnel": "F" }, "geometry": { "type": "MultiLineString", "coordinates": [ [ [ 114.3502341, 30.4786864 ], [ 114.3502358, 30.4783649 ] ] ] } },
{ "type": "Feature", "properties": { "osm_id": "920627795", "code": 5121, "fclass": "unclassified", "name": null, "ref": null, "oneway": "B", "maxspeed": 0, "layer": 0, "bridge": "F", "tunnel": "F" }, "geometry": { "type": "MultiLineString", "coordinates": [ [ [ 114.3616175, 30.46715 ], [ 114.3608218, 30.4670095 ], [ 114.3580294, 30.4664931 ], [ 114.355508, 30.4659497 ], [ 114.3554851, 30.4659448 ], [ 114.3550158, 30.4658559 ], [ 114.3548315, 30.4658256 ], [ 114.3546418, 30.4658069 ], [ 114.3544223, 30.4658022 ], [ 114.3542353, 30.4658139 ], [ 114.3537644, 30.4658503 ], [ 114.3530862, 30.4659027 ], [ 114.3520124, 30.4659691 ], [ 114.3517871, 30.4660061 ], [ 114.3515439, 30.4660615 ], [ 114.3513615, 30.466117 ], [ 114.3510969, 30.4662188 ], [ 114.350893, 30.4662465 ], [ 114.350657, 30.4662342 ], [ 114.3504245, 30.4662064 ], [ 114.349774, 30.466193 ], [ 114.3495187, 30.4662145 ], [ 114.3491822, 30.4661103 ] ] ] } },
{ "type": "Feature", "properties": { "osm_id": "924853582", "code": 5141, "fclass": "service", "name": null, "ref": null, "oneway": "B", "maxspeed": 0, "layer": 0, "bridge": "F", "tunnel": "F" }, "geometry": { "type": "MultiLineString", "coordinates": [ [ [ 114.3421413, 30.469568 ], [ 114.3421946, 30.4700863 ], [ 114.3423475, 30.4702411 ], [ 114.3433327, 30.4702181 ], [ 114.3432939, 30.4695195 ], [ 114.3432526, 30.4689799 ], [ 114.3427066, 30.4689946 ] ] ] } },
{ "type": "Feature", "properties": { "osm_id": "924853583", "code": 5141, "fclass": "service", "name": null, "ref": null, "oneway": "B", "maxspeed": 0, "layer": 0, "bridge": "F", "tunnel": "F" }, "geometry": { "type": "MultiLineString", "coordinates": [ [ [ 114.3418454, 30.4695804 ], [ 114.3421413, 30.469568 ], [ 114.3432939, 30.4695195 ] ] ] } },
{ "type": "Feature", "properties": { "osm_id": "924853585", "code": 5141, "fclass": "service", "name": null, "ref": null, "oneway": "B", "maxspeed": 0, "layer": 0, "bridge": "F", "tunnel": "F" }, "geometry": { "type": "MultiLineString", "coordinates": [ [ [ 114.3427322, 30.4720365 ], [ 114.3420587, 30.4722991 ], [ 114.3421107, 30.4724113 ], [ 114.3422553, 30.4727236 ] ] ] } },
{ "type": "Feature", "properties": { "osm_id": "924853586", "code": 5141, "fclass": "service", "name": null, "ref": null, "oneway": "B", "maxspeed": 0, "layer": 0, "bridge": "F", "tunnel": "F" }, "geometry": { "type": "MultiLineString", "coordinates": [ [ [ 114.3420916, 30.4703041 ], [ 114.3442111, 30.4709438 ], [ 114.3445654, 30.471086 ], [ 114.3448129, 30.471107 ], [ 114.3450216, 30.4710819 ] ] ] } },
{ "type": "Feature", "properties": { "osm_id": "924853587", "code": 5141, "fclass": "service", "name": null, "ref": null, "oneway": "B", "maxspeed": 0, "layer": 0, "bridge": "F", "tunnel": "F" }, "geometry": { "type": "MultiLineString", "coordinates": [ [ [ 114.3357277, 30.4746498 ], [ 114.3357814, 30.4741981 ], [ 114.3358535, 30.473082 ], [ 114.3359213, 30.4724374 ] ] ] } },
{ "type": "Feature", "properties": { "osm_id": "924853588", "code": 5141, "fclass": "service", "name": null, "ref": null, "oneway": "B", "maxspeed": 0, "layer": 0, "bridge": "F", "tunnel": "F" }, "geometry": { "type": "MultiLineString", "coordinates": [ [ [ 114.3378179, 30.4732063 ], [ 114.3366374, 30.4731374 ], [ 114.3358535, 30.473082 ], [ 114.335318, 30.4730548 ], [ 114.3342226, 30.4730761 ], [ 114.3341319, 30.4730671 ], [ 114.3340708, 30.4730548 ], [ 114.3340106, 30.4730144 ], [ 114.3339921, 30.4729822 ], [ 114.3339733, 30.4729224 ], [ 114.3339644, 30.4728392 ], [ 114.3339647, 30.4727459 ], [ 114.3339757, 30.4726515 ], [ 114.3340159, 30.4725422 ], [ 114.3340466, 30.4724804 ], [ 114.3340704, 30.4724328 ], [ 114.3341075, 30.4723625 ], [ 114.3341461, 30.4723109 ], [ 114.3341951, 30.4722604 ], [ 114.334226, 30.472231 ], [ 114.334268, 30.4722046 ], [ 114.334325, 30.4721841 ], [ 114.3343951, 30.4721668 ], [ 114.3344681, 30.4721581 ], [ 114.3345385, 30.47215 ], [ 114.3346064, 30.4721497 ], [ 114.3346635, 30.4721564 ], [ 114.3347189, 30.4721701 ], [ 114.3347638, 30.472183 ], [ 114.3348086, 30.4722121 ], [ 114.3349089, 30.4723344 ], [ 114.3349849, 30.4723956 ], [ 114.3350426, 30.472425 ], [ 114.33513, 30.4724497 ], [ 114.3352319, 30.4724638 ], [ 114.3359213, 30.4724374 ], [ 114.3367126, 30.4724176 ], [ 114.3366374, 30.4731374 ] ] ] } },
{ "type": "Feature", "properties": { "osm_id": "925030187", "code": 5123, "fclass": "living_street", "name": null, "ref": null, "oneway": "B", "maxspeed": 0, "layer": 0, "bridge": "F", "tunnel": "F" }, "geometry": { "type": "MultiLineString", "coordinates": [ [ [ 114.358629, 30.4750326 ], [ 114.3575961, 30.4750367 ] ] ] } },
{ "type": "Feature", "properties": { "osm_id": "930328401", "code": 5115, "fclass": "tertiary", "name": null, "ref": null, "oneway": "B", "maxspeed": 0, "layer": 0, "bridge": "F", "tunnel": "F" }, "geometry": { "type": "MultiLineString", "coordinates": [ [ [ 114.3436187, 30.4783576 ], [ 114.3436244, 30.4778123 ], [ 114.3436304, 30.4774673 ], [ 114.3436379, 30.4770436 ], [ 114.3436468, 30.4760777 ] ] ] } },
{ "type": "Feature", "properties": { "osm_id": "931992762", "code": 5121, "fclass": "unclassified", "name": "柑橘路", "ref": null, "oneway": "B", "maxspeed": 0, "layer": 0, "bridge": "F", "tunnel": "F" }, "geometry": { "type": "MultiLineString", "coordinates": [ [ [ 114.3599591, 30.4784942 ], [ 114.359899, 30.4784852 ], [ 114.3593924, 30.4784097 ], [ 114.358256, 30.4782602 ] ] ] } },
{ "type": "Feature", "properties": { "osm_id": "931992763", "code": 5121, "fclass": "unclassified", "name": "柑橘路", "ref": null, "oneway": "F", "maxspeed": 0, "layer": 0, "bridge": "F", "tunnel": "F" }, "geometry": { "type": "MultiLineString", "coordinates": [ [ [ 114.3606254, 30.4786026 ], [ 114.3602605, 30.4785698 ], [ 114.3599591, 30.4784942 ] ] ] } },
{ "type": "Feature", "properties": { "osm_id": "931992764", "code": 5121, "fclass": "unclassified", "name": "柑橘路", "ref": null, "oneway": "F", "maxspeed": 0, "layer": 0, "bridge": "F", "tunnel": "F" }, "geometry": { "type": "MultiLineString", "coordinates": [ [ [ 114.3599591, 30.4784942 ], [ 114.3602766, 30.4785167 ], [ 114.3606254, 30.4786026 ] ] ] } },
{ "type": "Feature", "properties": { "osm_id": "931992765", "code": 5121, "fclass": "unclassified", "name": "柑橘路", "ref": null, "oneway": "F", "maxspeed": 0, "layer": 0, "bridge": "F", "tunnel": "F" }, "geometry": { "type": "MultiLineString", "coordinates": [ [ [ 114.3623342, 30.4788571 ], [ 114.3618581, 30.4788097 ], [ 114.3615342, 30.4787424 ], [ 114.3614517, 30.4787253 ] ] ] } },
{ "type": "Feature", "properties": { "osm_id": "931992766", "code": 5121, "fclass": "unclassified", "name": "柑橘路", "ref": null, "oneway": "B", "maxspeed": 0, "layer": 0, "bridge": "F", "tunnel": "F" }, "geometry": { "type": "MultiLineString", "coordinates": [ [ [ 114.3639869, 30.4791817 ], [ 114.3629318, 30.4789642 ], [ 114.3627281, 30.4789222 ], [ 114.3623342, 30.4788571 ] ] ] } },
{ "type": "Feature", "properties": { "osm_id": "931992774", "code": 5141, "fclass": "service", "name": null, "ref": null, "oneway": "B", "maxspeed": 0, "layer": 0, "bridge": "F", "tunnel": "F" }, "geometry": { "type": "MultiLineString", "coordinates": [ [ [ 114.3606819, 30.478278 ], [ 114.3607425, 30.4779985 ], [ 114.3608331, 30.4775837 ], [ 114.3609354, 30.4771072 ] ] ] } },
{ "type": "Feature", "properties": { "osm_id": "931992775", "code": 5141, "fclass": "service", "name": null, "ref": null, "oneway": "B", "maxspeed": 0, "layer": 0, "bridge": "F", "tunnel": "F" }, "geometry": { "type": "MultiLineString", "coordinates": [ [ [ 114.3611375, 30.4780624 ], [ 114.3612255, 30.4776496 ], [ 114.3613609, 30.4769922 ] ] ] } },
{ "type": "Feature", "properties": { "osm_id": "931992776", "code": 5141, "fclass": "service", "name": null, "ref": null, "oneway": "B", "maxspeed": 0, "layer": 0, "bridge": "F", "tunnel": "F" }, "geometry": { "type": "MultiLineString", "coordinates": [ [ [ 114.3617126, 30.4770509 ], [ 114.3615674, 30.4777059 ], [ 114.3614814, 30.4781186 ] ] ] } },
{ "type": "Feature", "properties": { "osm_id": "931992777", "code": 5141, "fclass": "service", "name": null, "ref": null, "oneway": "B", "maxspeed": 0, "layer": 0, "bridge": "F", "tunnel": "F" }, "geometry": { "type": "MultiLineString", "coordinates": [ [ [ 114.3606444, 30.477551 ], [ 114.3608331, 30.4775837 ], [ 114.3609836, 30.4776098 ], [ 114.3612255, 30.4776496 ], [ 114.3615674, 30.4777059 ], [ 114.3619184, 30.4777637 ] ] ] } },
{ "type": "Feature", "properties": { "osm_id": "931992778", "code": 5141, "fclass": "service", "name": null, "ref": null, "oneway": "B", "maxspeed": 0, "layer": 0, "bridge": "F", "tunnel": "F" }, "geometry": { "type": "MultiLineString", "coordinates": [ [ [ 114.3605518, 30.4779683 ], [ 114.3607425, 30.4779985 ], [ 114.3608925, 30.4780223 ], [ 114.3611375, 30.4780624 ], [ 114.3614814, 30.4781186 ], [ 114.3617776, 30.4781671 ] ] ] } },
{ "type": "Feature", "properties": { "osm_id": "931992779", "code": 5141, "fclass": "service", "name": null, "ref": null, "oneway": "B", "maxspeed": 0, "layer": 0, "bridge": "F", "tunnel": "F" }, "geometry": { "type": "MultiLineString", "coordinates": [ [ [ 114.3611285, 30.4769535 ], [ 114.3613609, 30.4769922 ], [ 114.3617126, 30.4770509 ], [ 114.362196, 30.4771315 ] ] ] } },
{ "type": "Feature", "properties": { "osm_id": "931992780", "code": 5141, "fclass": "service", "name": null, "ref": null, "oneway": "B", "maxspeed": 0, "layer": 0, "bridge": "F", "tunnel": "F" }, "geometry": { "type": "MultiLineString", "coordinates": [ [ [ 114.3604588, 30.4805443 ], [ 114.3605988, 30.4796813 ], [ 114.3606588, 30.4793112 ], [ 114.3607709, 30.4786201 ], [ 114.3608925, 30.4780223 ], [ 114.3609836, 30.4776098 ], [ 114.3611285, 30.4769535 ], [ 114.3611433, 30.4768818 ] ] ] } },
{ "type": "Feature", "properties": { "osm_id": "931992784", "code": 5121, "fclass": "unclassified", "name": "柑橘路", "ref": null, "oneway": "F", "maxspeed": 0, "layer": 0, "bridge": "F", "tunnel": "F" }, "geometry": { "type": "MultiLineString", "coordinates": [ [ [ 114.3614517, 30.4787253 ], [ 114.3618748, 30.4787565 ], [ 114.3623342, 30.4788571 ] ] ] } },
{ "type": "Feature", "properties": { "osm_id": "934903226", "code": 5154, "fclass": "path", "name": null, "ref": null, "oneway": "B", "maxspeed": 0, "layer": 0, "bridge": "F", "tunnel": "F" }, "geometry": { "type": "MultiLineString", "coordinates": [ [ [ 114.3610828, 30.4727256 ], [ 114.3612546, 30.4721727 ], [ 114.361386, 30.4717499 ], [ 114.3615818, 30.4710887 ], [ 114.3616354, 30.4710309 ], [ 114.3619998, 30.4708964 ], [ 114.3627542, 30.4706405 ], [ 114.3632177, 30.4704534 ] ] ] } },
{ "type": "Feature", "properties": { "osm_id": "934903228", "code": 5141, "fclass": "service", "name": null, "ref": null, "oneway": "B", "maxspeed": 0, "layer": 0, "bridge": "F", "tunnel": "F" }, "geometry": { "type": "MultiLineString", "coordinates": [ [ [ 114.3604035, 30.471591 ], [ 114.358908, 30.4714103 ] ] ] } },
{ "type": "Feature", "properties": { "osm_id": "934903229", "code": 5141, "fclass": "service", "name": null, "ref": null, "oneway": "B", "maxspeed": 0, "layer": 0, "bridge": "F", "tunnel": "F" }, "geometry": { "type": "MultiLineString", "coordinates": [ [ [ 114.358908, 30.4714103 ], [ 114.3588002, 30.4713988 ] ] ] } },
{ "type": "Feature", "properties": { "osm_id": "934903230", "code": 5141, "fclass": "service", "name": null, "ref": null, "oneway": "B", "maxspeed": 0, "layer": 0, "bridge": "F", "tunnel": "F" }, "geometry": { "type": "MultiLineString", "coordinates": [ [ [ 114.360165, 30.470714 ], [ 114.3603342, 30.4707023 ], [ 114.3606026, 30.470712 ], [ 114.3608657, 30.4706857 ] ] ] } },
{ "type": "Feature", "properties": { "osm_id": "934903236", "code": 5154, "fclass": "path", "name": null, "ref": null, "oneway": "B", "maxspeed": 0, "layer": 0, "bridge": "F", "tunnel": "F" }, "geometry": { "type": "MultiLineString", "coordinates": [ [ [ 114.3627617, 30.4724216 ], [ 114.3629554, 30.4724014 ], [ 114.3630575, 30.4724762 ], [ 114.363179, 30.4724522 ], [ 114.3632373, 30.4724899 ], [ 114.3633625, 30.472459 ], [ 114.3634257, 30.4724909 ], [ 114.3634796, 30.4724893 ], [ 114.3635126, 30.4724884 ] ] ] } },
{ "type": "Feature", "properties": { "osm_id": "935810001", "code": 5141, "fclass": "service", "name": null, "ref": null, "oneway": "B", "maxspeed": 0, "layer": 0, "bridge": "F", "tunnel": "F" }, "geometry": { "type": "MultiLineString", "coordinates": [ [ [ 114.3576741, 30.4694387 ], [ 114.3581405, 30.4693469 ] ] ] } },
{ "type": "Feature", "properties": { "osm_id": "935810002", "code": 5141, "fclass": "service", "name": null, "ref": null, "oneway": "B", "maxspeed": 0, "layer": 0, "bridge": "F", "tunnel": "F" }, "geometry": { "type": "MultiLineString", "coordinates": [ [ [ 114.3571716, 30.4691853 ], [ 114.3575865, 30.4691172 ], [ 114.3576741, 30.4694387 ], [ 114.3577495, 30.4697151 ] ] ] } },
{ "type": "Feature", "properties": { "osm_id": "935810003", "code": 5141, "fclass": "service", "name": null, "ref": null, "oneway": "B", "maxspeed": 0, "layer": 0, "bridge": "F", "tunnel": "F" }, "geometry": { "type": "MultiLineString", "coordinates": [ [ [ 114.3578258, 30.469883 ], [ 114.3581082, 30.4698437 ] ] ] } },
{ "type": "Feature", "properties": { "osm_id": "935810027", "code": 5121, "fclass": "unclassified", "name": null, "ref": null, "oneway": "B", "maxspeed": 0, "layer": 0, "bridge": "F", "tunnel": "F" }, "geometry": { "type": "MultiLineString", "coordinates": [ [ [ 114.3582464, 30.4702765 ], [ 114.3582254, 30.4702308 ], [ 114.3581255, 30.4699549 ], [ 114.3581082, 30.4698437 ], [ 114.3581405, 30.4693469 ], [ 114.3582027, 30.4686684 ], [ 114.3581153, 30.4675716 ], [ 114.3581105, 30.4675114 ], [ 114.3580294, 30.4664931 ] ] ] } },
{ "type": "Feature", "properties": { "osm_id": "935810028", "code": 5141, "fclass": "service", "name": null, "ref": null, "oneway": "B", "maxspeed": 0, "layer": 0, "bridge": "F", "tunnel": "F" }, "geometry": { "type": "MultiLineString", "coordinates": [ [ [ 114.3582464, 30.4702765 ], [ 114.3578477, 30.4703696 ], [ 114.3578795, 30.4704873 ], [ 114.3573014, 30.4706062 ], [ 114.3572258, 30.4703125 ], [ 114.3577827, 30.4701822 ], [ 114.3578477, 30.4703696 ] ] ] } },
{ "type": "Feature", "properties": { "osm_id": "935885919", "code": 5141, "fclass": "service", "name": null, "ref": null, "oneway": "B", "maxspeed": 0, "layer": 0, "bridge": "F", "tunnel": "F" }, "geometry": { "type": "MultiLineString", "coordinates": [ [ [ 114.3613212, 30.4801904 ], [ 114.3613694, 30.4797729 ], [ 114.3614291, 30.4794114 ], [ 114.3615342, 30.4787424 ] ] ] } },
{ "type": "Feature", "properties": { "osm_id": "935885920", "code": 5141, "fclass": "service", "name": null, "ref": null, "oneway": "B", "maxspeed": 0, "layer": 0, "bridge": "F", "tunnel": "F" }, "geometry": { "type": "MultiLineString", "coordinates": [ [ [ 114.3618398, 30.4794648 ], [ 114.3614291, 30.4794114 ], [ 114.3606588, 30.4793112 ] ] ] } },
{ "type": "Feature", "properties": { "osm_id": "935885921", "code": 5141, "fclass": "service", "name": null, "ref": null, "oneway": "B", "maxspeed": 0, "layer": 0, "bridge": "F", "tunnel": "F" }, "geometry": { "type": "MultiLineString", "coordinates": [ [ [ 114.3617833, 30.4798222 ], [ 114.3618398, 30.4794648 ], [ 114.3619014, 30.4790743 ], [ 114.362056, 30.4790951 ] ] ] } },
{ "type": "Feature", "properties": { "osm_id": "935885922", "code": 5141, "fclass": "service", "name": null, "ref": null, "oneway": "B", "maxspeed": 0, "layer": 0, "bridge": "F", "tunnel": "F" }, "geometry": { "type": "MultiLineString", "coordinates": [ [ [ 114.3622796, 30.4794151 ], [ 114.3628472, 30.4794813 ], [ 114.36358, 30.4795658 ] ] ] } },
{ "type": "Feature", "properties": { "osm_id": "935885923", "code": 5141, "fclass": "service", "name": null, "ref": null, "oneway": "B", "maxspeed": 0, "layer": 0, "bridge": "F", "tunnel": "F" }, "geometry": { "type": "MultiLineString", "coordinates": [ [ [ 114.3622081, 30.4798666 ], [ 114.3622796, 30.4794151 ], [ 114.3623494, 30.478974 ] ] ] } },
{ "type": "Feature", "properties": { "osm_id": "935885924", "code": 5141, "fclass": "service", "name": null, "ref": null, "oneway": "B", "maxspeed": 0, "layer": 0, "bridge": "F", "tunnel": "F" }, "geometry": { "type": "MultiLineString", "coordinates": [ [ [ 114.3624255, 30.4803583 ], [ 114.3627106, 30.4803911 ], [ 114.3627728, 30.479936 ], [ 114.3628472, 30.4794813 ], [ 114.3629189, 30.4790426 ], [ 114.3629318, 30.4789642 ] ] ] } },
{ "type": "Feature", "properties": { "osm_id": "935885925", "code": 5141, "fclass": "service", "name": null, "ref": null, "oneway": "B", "maxspeed": 0, "layer": 0, "bridge": "F", "tunnel": "F" }, "geometry": { "type": "MultiLineString", "coordinates": [ [ [ 114.3603353, 30.4786599 ], [ 114.3601857, 30.4796296 ], [ 114.3601185, 30.4800745 ] ] ] } },
{ "type": "Feature", "properties": { "osm_id": "935885926", "code": 5141, "fclass": "service", "name": null, "ref": null, "oneway": "B", "maxspeed": 0, "layer": 0, "bridge": "F", "tunnel": "F" }, "geometry": { "type": "MultiLineString", "coordinates": [ [ [ 114.3596607, 30.4800122 ], [ 114.3597282, 30.4795723 ], [ 114.3598867, 30.4785667 ], [ 114.359899, 30.4784852 ] ] ] } },
{ "type": "Feature", "properties": { "osm_id": "935885927", "code": 5141, "fclass": "service", "name": null, "ref": null, "oneway": "B", "maxspeed": 0, "layer": 0, "bridge": "F", "tunnel": "F" }, "geometry": { "type": "MultiLineString", "coordinates": [ [ [ 114.363576, 30.4800347 ], [ 114.3627728, 30.479936 ], [ 114.3622081, 30.4798666 ], [ 114.3618073, 30.479825 ], [ 114.3617833, 30.4798222 ], [ 114.3613694, 30.4797729 ], [ 114.3605988, 30.4796813 ], [ 114.3601857, 30.4796296 ], [ 114.3597282, 30.4795723 ], [ 114.3593575, 30.479526 ] ] ] } },
{ "type": "Feature", "properties": { "osm_id": "936413434", "code": 5141, "fclass": "service", "name": null, "ref": null, "oneway": "B", "maxspeed": 0, "layer": 0, "bridge": "F", "tunnel": "F" }, "geometry": { "type": "MultiLineString", "coordinates": [ [ [ 114.3494317, 30.4659049 ], [ 114.3491923, 30.4656034 ], [ 114.3487177, 30.4653221 ], [ 114.3483873, 30.4648035 ] ] ] } },
{ "type": "Feature", "properties": { "osm_id": "936413435", "code": 5141, "fclass": "service", "name": null, "ref": null, "oneway": "B", "maxspeed": 0, "layer": 0, "bridge": "F", "tunnel": "F" }, "geometry": { "type": "MultiLineString", "coordinates": [ [ [ 114.3512567, 30.4660223 ], [ 114.3508914, 30.4659941 ] ] ] } },
{ "type": "Feature", "properties": { "osm_id": "936413436", "code": 5141, "fclass": "service", "name": null, "ref": null, "oneway": "B", "maxspeed": 0, "layer": 0, "bridge": "F", "tunnel": "F" }, "geometry": { "type": "MultiLineString", "coordinates": [ [ [ 114.3542353, 30.4658139 ], [ 114.354298, 30.4651542 ], [ 114.3545523, 30.4650519 ] ] ] } },
{ "type": "Feature", "properties": { "osm_id": "936413437", "code": 5141, "fclass": "service", "name": null, "ref": null, "oneway": "B", "maxspeed": 0, "layer": 0, "bridge": "F", "tunnel": "F" }, "geometry": { "type": "MultiLineString", "coordinates": [ [ [ 114.3537644, 30.4658503 ], [ 114.3538065, 30.4652053 ] ] ] } },
{ "type": "Feature", "properties": { "osm_id": "936413438", "code": 5141, "fclass": "service", "name": null, "ref": null, "oneway": "B", "maxspeed": 0, "layer": 0, "bridge": "F", "tunnel": "F" }, "geometry": { "type": "MultiLineString", "coordinates": [ [ [ 114.3513615, 30.466117 ], [ 114.3512567, 30.4660223 ], [ 114.3508617, 30.4656654 ] ] ] } },
{ "type": "Feature", "properties": { "osm_id": "936413439", "code": 5141, "fclass": "service", "name": null, "ref": null, "oneway": "B", "maxspeed": 0, "layer": 0, "bridge": "F", "tunnel": "F" }, "geometry": { "type": "MultiLineString", "coordinates": [ [ [ 114.350141822916953, 30.464795210439576 ], [ 114.3499846, 30.4648693 ], [ 114.3501392, 30.464588 ] ] ] } },
{ "type": "Feature", "properties": { "osm_id": "936413440", "code": 5141, "fclass": "service", "name": null, "ref": null, "oneway": "B", "maxspeed": 0, "layer": 0, "bridge": "F", "tunnel": "F" }, "geometry": { "type": "MultiLineString", "coordinates": [ [ [ 114.3491822, 30.4661103 ], [ 114.3494317, 30.4659049 ], [ 114.3498024, 30.4655997 ], [ 114.3499931, 30.4654792 ], [ 114.3501033, 30.465019 ], [ 114.3499846, 30.4648693 ], [ 114.349222, 30.4645625 ], [ 114.3488703, 30.4645881 ], [ 114.3483873, 30.4648035 ], [ 114.3483152, 30.4647743 ] ] ] } },
{ "type": "Feature", "properties": { "osm_id": "936413441", "code": 5141, "fclass": "service", "name": null, "ref": null, "oneway": "B", "maxspeed": 0, "layer": 0, "bridge": "F", "tunnel": "F" }, "geometry": { "type": "MultiLineString", "coordinates": [ [ [ 114.3448129, 30.471107 ], [ 114.3448168, 30.4709904 ], [ 114.3447982, 30.47057 ], [ 114.3447946, 30.4705687 ], [ 114.3447396, 30.4702211 ], [ 114.3447506, 30.4691023 ] ] ] } },
{ "type": "Feature", "properties": { "osm_id": "936413442", "code": 5141, "fclass": "service", "name": null, "ref": null, "oneway": "B", "maxspeed": 0, "layer": 0, "bridge": "F", "tunnel": "F" }, "geometry": { "type": "MultiLineString", "coordinates": [ [ [ 114.3481355, 30.4688836 ], [ 114.3480567, 30.4685948 ], [ 114.3479286, 30.4684526 ], [ 114.3477635, 30.4684611 ], [ 114.3468397, 30.4688008 ], [ 114.3466771, 30.4687817 ], [ 114.3459183, 30.4688878 ], [ 114.345773, 30.4688645 ], [ 114.3456596, 30.468977 ], [ 114.3455192, 30.4690131 ], [ 114.3447506, 30.4691023 ], [ 114.3446669, 30.4691002 ], [ 114.3444599, 30.4690726 ], [ 114.3439201, 30.4690397 ], [ 114.3439445, 30.4676439 ] ] ] } },
{ "type": "Feature", "properties": { "osm_id": "936413454", "code": 5141, "fclass": "service", "name": null, "ref": null, "oneway": "B", "maxspeed": 0, "layer": 0, "bridge": "F", "tunnel": "F" }, "geometry": { "type": "MultiLineString", "coordinates": [ [ [ 114.3456966, 30.4718477 ], [ 114.3452384, 30.473351 ] ] ] } },
{ "type": "Feature", "properties": { "osm_id": "936413455", "code": 5141, "fclass": "service", "name": null, "ref": null, "oneway": "B", "maxspeed": 0, "layer": 0, "bridge": "F", "tunnel": "F" }, "geometry": { "type": "MultiLineString", "coordinates": [ [ [ 114.3465096, 30.4718477 ], [ 114.3456966, 30.4718477 ], [ 114.345534, 30.4717373 ], [ 114.3455389, 30.4711173 ] ] ] } },
{ "type": "Feature", "properties": { "osm_id": "936413456", "code": 5141, "fclass": "service", "name": null, "ref": null, "oneway": "B", "maxspeed": 0, "layer": 0, "bridge": "F", "tunnel": "F" }, "geometry": { "type": "MultiLineString", "coordinates": [ [ [ 114.3482092, 30.4719302 ], [ 114.3481749, 30.4707649 ] ] ] } },
{ "type": "Feature", "properties": { "osm_id": "936413457", "code": 5141, "fclass": "service", "name": null, "ref": null, "oneway": "B", "maxspeed": 0, "layer": 0, "bridge": "F", "tunnel": "F" }, "geometry": { "type": "MultiLineString", "coordinates": [ [ [ 114.3492913, 30.4692945 ], [ 114.349332, 30.4704715 ], [ 114.349382, 30.4719157 ], [ 114.3486905, 30.4719242 ], [ 114.3482092, 30.4719302 ], [ 114.3473225, 30.4719412 ] ] ] } },
{ "type": "Feature", "properties": { "osm_id": "936413458", "code": 5141, "fclass": "service", "name": null, "ref": null, "oneway": "B", "maxspeed": 0, "layer": 0, "bridge": "F", "tunnel": "F" }, "geometry": { "type": "MultiLineString", "coordinates": [ [ [ 114.3465044, 30.4735175 ], [ 114.3465085, 30.4722114 ], [ 114.3465096, 30.4718477 ], [ 114.3464997, 30.4717543 ], [ 114.3462041, 30.4713127 ], [ 114.3461864, 30.4701593 ], [ 114.3461794, 30.4697032 ], [ 114.3460316, 30.4694229 ], [ 114.3460316, 30.4690535 ] ] ] } },
{ "type": "Feature", "properties": { "osm_id": "936413459", "code": 5141, "fclass": "service", "name": null, "ref": null, "oneway": "B", "maxspeed": 0, "layer": 0, "bridge": "F", "tunnel": "F" }, "geometry": { "type": "MultiLineString", "coordinates": [ [ [ 114.3509919, 30.4731139 ], [ 114.3510331, 30.4714649 ], [ 114.3510443, 30.4707592 ], [ 114.3510693, 30.4691875 ] ] ] } },
{ "type": "Feature", "properties": { "osm_id": "936413460", "code": 5141, "fclass": "service", "name": null, "ref": null, "oneway": "B", "maxspeed": 0, "layer": 0, "bridge": "F", "tunnel": "F" }, "geometry": { "type": "MultiLineString", "coordinates": [ [ [ 114.350191, 30.4715021 ], [ 114.3510331, 30.4714649 ], [ 114.3515884, 30.4714403 ], [ 114.3517818, 30.4713601 ] ] ] } },
{ "type": "Feature", "properties": { "osm_id": "936413461", "code": 5141, "fclass": "service", "name": null, "ref": null, "oneway": "B", "maxspeed": 0, "layer": 0, "bridge": "F", "tunnel": "F" }, "geometry": { "type": "MultiLineString", "coordinates": [ [ [ 114.3515282, 30.4687435 ], [ 114.3530667, 30.4682301 ], [ 114.3544826, 30.4689505 ] ] ] } },
{ "type": "Feature", "properties": { "osm_id": "936413462", "code": 5141, "fclass": "service", "name": null, "ref": null, "oneway": "B", "maxspeed": 0, "layer": 0, "bridge": "F", "tunnel": "F" }, "geometry": { "type": "MultiLineString", "coordinates": [ [ [ 114.3515885, 30.4691512 ], [ 114.3515282, 30.4687435 ], [ 114.3513663, 30.4676496 ] ] ] } },
{ "type": "Feature", "properties": { "osm_id": "936413463", "code": 5141, "fclass": "service", "name": null, "ref": null, "oneway": "B", "maxspeed": 0, "layer": 0, "bridge": "F", "tunnel": "F" }, "geometry": { "type": "MultiLineString", "coordinates": [ [ [ 114.3561674, 30.4688296 ], [ 114.3562433, 30.470037 ], [ 114.3562884, 30.4701879 ] ] ] } },
{ "type": "Feature", "properties": { "osm_id": "936413464", "code": 5141, "fclass": "service", "name": null, "ref": null, "oneway": "B", "maxspeed": 0, "layer": 0, "bridge": "F", "tunnel": "F" }, "geometry": { "type": "MultiLineString", "coordinates": [ [ [ 114.3556062, 30.4675455 ], [ 114.3530742, 30.4676054 ], [ 114.3523357, 30.4676233 ], [ 114.3513663, 30.4676496 ] ] ] } },
{ "type": "Feature", "properties": { "osm_id": "936413465", "code": 5141, "fclass": "service", "name": null, "ref": null, "oneway": "B", "maxspeed": 0, "layer": 0, "bridge": "F", "tunnel": "F" }, "geometry": { "type": "MultiLineString", "coordinates": [ [ [ 114.3581105, 30.4675114 ], [ 114.355597, 30.4673952 ] ] ] } },
{ "type": "Feature", "properties": { "osm_id": "936413466", "code": 5141, "fclass": "service", "name": null, "ref": null, "oneway": "B", "maxspeed": 0, "layer": 0, "bridge": "F", "tunnel": "F" }, "geometry": { "type": "MultiLineString", "coordinates": [ [ [ 114.3510443, 30.4707592 ], [ 114.3523449, 30.4706679 ], [ 114.3530368, 30.4706704 ], [ 114.3551388, 30.470581 ] ] ] } },
{ "type": "Feature", "properties": { "osm_id": "936413471", "code": 5123, "fclass": "living_street", "name": null, "ref": null, "oneway": "B", "maxspeed": 0, "layer": 0, "bridge": "F", "tunnel": "F" }, "geometry": { "type": "MultiLineString", "coordinates": [ [ [ 114.3582625, 30.4789923 ], [ 114.3583071, 30.4789945 ], [ 114.3588671, 30.4790267 ] ] ] } },
{ "type": "Feature", "properties": { "osm_id": "936413472", "code": 5123, "fclass": "living_street", "name": null, "ref": null, "oneway": "B", "maxspeed": 0, "layer": 0, "bridge": "F", "tunnel": "F" }, "geometry": { "type": "MultiLineString", "coordinates": [ [ [ 114.3589306, 30.4785367 ], [ 114.3588671, 30.4790267 ], [ 114.3589384, 30.479172 ], [ 114.3588748, 30.4793423 ], [ 114.3588205, 30.4796433 ], [ 114.3589367, 30.4796689 ], [ 114.3588951, 30.4799721 ] ] ] } },
{ "type": "Feature", "properties": { "osm_id": "936580287", "code": 5141, "fclass": "service", "name": null, "ref": null, "oneway": "B", "maxspeed": 0, "layer": 0, "bridge": "F", "tunnel": "F" }, "geometry": { "type": "MultiLineString", "coordinates": [ [ [ 114.3602873, 30.4724632 ], [ 114.3610828, 30.4727256 ], [ 114.3614788, 30.4728562 ] ] ] } },
{ "type": "Feature", "properties": { "osm_id": "939343593", "code": 5153, "fclass": "footway", "name": null, "ref": null, "oneway": "B", "maxspeed": 0, "layer": 0, "bridge": "F", "tunnel": "F" }, "geometry": { "type": "MultiLineString", "coordinates": [ [ [ 114.3652161, 30.4823292 ], [ 114.3654151, 30.4824481 ], [ 114.3654541, 30.4825267 ], [ 114.3655464, 30.4826091 ], [ 114.365662, 30.4826273 ], [ 114.3657299, 30.4826953 ], [ 114.3657766, 30.4827653 ] ] ] } },
{ "type": "Feature", "properties": { "osm_id": "939343594", "code": 5152, "fclass": "cycleway", "name": null, "ref": null, "oneway": "B", "maxspeed": 0, "layer": 0, "bridge": "F", "tunnel": "F" }, "geometry": { "type": "MultiLineString", "coordinates": [ [ [ 114.3635446, 30.4822512 ], [ 114.363986, 30.4820398 ], [ 114.3642663, 30.4819573 ], [ 114.3644376, 30.4819593 ], [ 114.36466, 30.4820053 ], [ 114.3649024, 30.48208 ], [ 114.3650292, 30.4820973 ], [ 114.3651627, 30.4821989 ], [ 114.3652161, 30.4822602 ], [ 114.3652161, 30.4823292 ], [ 114.3651204, 30.4823235 ], [ 114.3649436, 30.4822065 ], [ 114.3649102, 30.4821404 ], [ 114.3649024, 30.48208 ] ] ] } },
{ "type": "Feature", "properties": { "osm_id": "939343595", "code": 5153, "fclass": "footway", "name": null, "ref": null, "oneway": "B", "maxspeed": 0, "layer": 0, "bridge": "F", "tunnel": "F" }, "geometry": { "type": "MultiLineString", "coordinates": [ [ [ 114.3649544, 30.4809654 ], [ 114.3648887, 30.4809684 ], [ 114.3647223, 30.4810181 ], [ 114.3646289, 30.4811906 ], [ 114.3644087, 30.4812213 ], [ 114.3643241, 30.4812692 ], [ 114.3642663, 30.4814532 ], [ 114.3645154, 30.4817772 ], [ 114.3645087, 30.4818615 ], [ 114.3644376, 30.4819593 ] ] ] } },
{ "type": "Feature", "properties": { "osm_id": "939343596", "code": 5123, "fclass": "living_street", "name": null, "ref": null, "oneway": "B", "maxspeed": 0, "layer": 0, "bridge": "F", "tunnel": "F" }, "geometry": { "type": "MultiLineString", "coordinates": [ [ [ 114.349221, 30.4775385 ], [ 114.3492241, 30.4772933 ] ] ] } },
{ "type": "Feature", "properties": { "osm_id": "939343600", "code": 5154, "fclass": "path", "name": null, "ref": null, "oneway": "B", "maxspeed": 0, "layer": 0, "bridge": "F", "tunnel": "F" }, "geometry": { "type": "MultiLineString", "coordinates": [ [ [ 114.3607043, 30.4747789 ], [ 114.3608391, 30.4746437 ] ] ] } },
{ "type": "Feature", "properties": { "osm_id": "943191005", "code": 5115, "fclass": "tertiary", "name": "狮子山大道", "ref": null, "oneway": "F", "maxspeed": 0, "layer": 0, "bridge": "F", "tunnel": "F" }, "geometry": { "type": "MultiLineString", "coordinates": [ [ [ 114.3349878, 30.4776919 ], [ 114.334919, 30.4776977 ] ] ] } },
{ "type": "Feature", "properties": { "osm_id": "943191006", "code": 5121, "fclass": "unclassified", "name": null, "ref": null, "oneway": "B", "maxspeed": 0, "layer": 0, "bridge": "F", "tunnel": "F" }, "geometry": { "type": "MultiLineString", "coordinates": [ [ [ 114.3557654, 30.4738784 ], [ 114.3539407, 30.4738903 ] ] ] } },
{ "type": "Feature", "properties": { "osm_id": "943191007", "code": 5121, "fclass": "unclassified", "name": null, "ref": null, "oneway": "B", "maxspeed": 0, "layer": 0, "bridge": "F", "tunnel": "F" }, "geometry": { "type": "MultiLineString", "coordinates": [ [ [ 114.3562446, 30.4738787 ], [ 114.3557654, 30.4738784 ] ] ] } },
{ "type": "Feature", "properties": { "osm_id": "943191008", "code": 5115, "fclass": "tertiary", "name": null, "ref": null, "oneway": "B", "maxspeed": 0, "layer": 0, "bridge": "F", "tunnel": "F" }, "geometry": { "type": "MultiLineString", "coordinates": [ [ [ 114.3557654, 30.4738784 ], [ 114.3557621, 30.4729445 ], [ 114.3557617, 30.4729172 ], [ 114.3557584, 30.472678 ], [ 114.3557572, 30.4722964 ], [ 114.3557568, 30.4721498 ], [ 114.3557553, 30.4715795 ] ] ] } },
{ "type": "Feature", "properties": { "osm_id": "943191009", "code": 5115, "fclass": "tertiary", "name": "狮子山大道", "ref": null, "oneway": "B", "maxspeed": 0, "layer": 0, "bridge": "F", "tunnel": "F" }, "geometry": { "type": "MultiLineString", "coordinates": [ [ [ 114.3597351, 30.4760248 ], [ 114.3595354, 30.4760246 ], [ 114.3586295, 30.4760275 ], [ 114.3582526, 30.4760314 ], [ 114.3573522, 30.4760307 ], [ 114.357065, 30.4760322 ], [ 114.3567667, 30.4760338 ], [ 114.3566121, 30.4760325 ], [ 114.3557541, 30.4760255 ] ] ] } },
{ "type": "Feature", "properties": { "osm_id": "943191010", "code": 5115, "fclass": "tertiary", "name": "狮子山大道", "ref": null, "oneway": "F", "maxspeed": 0, "layer": 0, "bridge": "F", "tunnel": "F" }, "geometry": { "type": "MultiLineString", "coordinates": [ [ [ 114.3348512, 30.4775926 ], [ 114.3349083, 30.477588 ] ] ] } },
{ "type": "Feature", "properties": { "osm_id": "943191011", "code": 5121, "fclass": "unclassified", "name": null, "ref": null, "oneway": "B", "maxspeed": 0, "layer": 0, "bridge": "F", "tunnel": "F" }, "geometry": { "type": "MultiLineString", "coordinates": [ [ [ 114.3349662, 30.47807 ], [ 114.3348657, 30.4780804 ], [ 114.3337713, 30.4781983 ] ] ] } },
{ "type": "Feature", "properties": { "osm_id": "943191012", "code": 5121, "fclass": "unclassified", "name": null, "ref": null, "oneway": "B", "maxspeed": 0, "layer": 0, "bridge": "F", "tunnel": "F" }, "geometry": { "type": "MultiLineString", "coordinates": [ [ [ 114.3349662, 30.47807 ], [ 114.334919, 30.4776977 ], [ 114.3349083, 30.477588 ] ] ] } },
{ "type": "Feature", "properties": { "osm_id": "943191013", "code": 5121, "fclass": "unclassified", "name": null, "ref": null, "oneway": "B", "maxspeed": 0, "layer": 0, "bridge": "F", "tunnel": "F" }, "geometry": { "type": "MultiLineString", "coordinates": [ [ [ 114.3439642, 30.47595 ], [ 114.3439336, 30.4757795 ] ] ] } },
{ "type": "Feature", "properties": { "osm_id": "943191015", "code": 5122, "fclass": "residential", "name": null, "ref": null, "oneway": "B", "maxspeed": 0, "layer": 0, "bridge": "F", "tunnel": "F" }, "geometry": { "type": "MultiLineString", "coordinates": [ [ [ 114.3441092, 30.4712199 ], [ 114.3440266, 30.4727347 ], [ 114.3440021, 30.4734789 ] ] ] } },
{ "type": "Feature", "properties": { "osm_id": "943191018", "code": 5115, "fclass": "tertiary", "name": null, "ref": null, "oneway": "B", "maxspeed": 0, "layer": 0, "bridge": "F", "tunnel": "F" }, "geometry": { "type": "MultiLineString", "coordinates": [ [ [ 114.3366809, 30.4775394 ], [ 114.3366856, 30.4774356 ], [ 114.3367188, 30.477099 ], [ 114.3368396, 30.4764948 ], [ 114.3372053, 30.4753759 ], [ 114.337708, 30.4739751 ] ] ] } },
{ "type": "Feature", "properties": { "osm_id": "943191019", "code": 5115, "fclass": "tertiary", "name": null, "ref": null, "oneway": "B", "maxspeed": 0, "layer": 0, "bridge": "F", "tunnel": "F" }, "geometry": { "type": "MultiLineString", "coordinates": [ [ [ 114.337708, 30.4739751 ], [ 114.3378319, 30.4735267 ], [ 114.3378179, 30.4732063 ], [ 114.3377823, 30.472392 ], [ 114.3375549, 30.4711202 ] ] ] } },
{ "type": "Feature", "properties": { "osm_id": "943191020", "code": 5115, "fclass": "tertiary", "name": "狮子山大道", "ref": null, "oneway": "F", "maxspeed": 0, "layer": 0, "bridge": "F", "tunnel": "F" }, "geometry": { "type": "MultiLineString", "coordinates": [ [ [ 114.3349083, 30.477588 ], [ 114.3365182, 30.4774537 ], [ 114.3365623, 30.4774501 ], [ 114.3366856, 30.4774356 ] ] ] } },
{ "type": "Feature", "properties": { "osm_id": "943191021", "code": 5115, "fclass": "tertiary", "name": "狮子山大道", "ref": null, "oneway": "F", "maxspeed": 0, "layer": 0, "bridge": "F", "tunnel": "F" }, "geometry": { "type": "MultiLineString", "coordinates": [ [ [ 114.3366809, 30.4775394 ], [ 114.3365643, 30.4775494 ], [ 114.3349878, 30.4776919 ] ] ] } },
{ "type": "Feature", "properties": { "osm_id": "943191022", "code": 5115, "fclass": "tertiary", "name": "狮子山大道", "ref": null, "oneway": "F", "maxspeed": 0, "layer": 0, "bridge": "F", "tunnel": "F" }, "geometry": { "type": "MultiLineString", "coordinates": [ [ [ 114.334919, 30.4776977 ], [ 114.3342528, 30.477751 ], [ 114.3337986, 30.4778014 ], [ 114.3337111, 30.4778577 ], [ 114.3336412, 30.4779036 ], [ 114.3333207, 30.4779717 ], [ 114.3332376, 30.4780376 ], [ 114.333215423651765, 30.4780676260715 ] ] ] } },
{ "type": "Feature", "properties": { "osm_id": "943191023", "code": 5115, "fclass": "tertiary", "name": "狮子山大道", "ref": null, "oneway": "F", "maxspeed": 0, "layer": 0, "bridge": "F", "tunnel": "F" }, "geometry": { "type": "MultiLineString", "coordinates": [ [ [ 114.3335978, 30.4775992 ], [ 114.3337111, 30.4776478 ], [ 114.3337832, 30.4776787 ], [ 114.3341231, 30.4776524 ], [ 114.3348512, 30.4775926 ] ] ] } },
{ "type": "Feature", "properties": { "osm_id": "943319217", "code": 5153, "fclass": "footway", "name": null, "ref": null, "oneway": "B", "maxspeed": 0, "layer": 0, "bridge": "F", "tunnel": "F" }, "geometry": { "type": "MultiLineString", "coordinates": [ [ [ 114.3466209, 30.4769968 ], [ 114.3466851, 30.4769986 ], [ 114.346738, 30.4770148 ], [ 114.346789, 30.4770266 ], [ 114.3468548, 30.4770213 ], [ 114.3469237, 30.4770094 ], [ 114.3469912, 30.477 ], [ 114.3470447, 30.4770082 ], [ 114.3472349, 30.4770588 ], [ 114.3472873, 30.4770529 ], [ 114.3473533, 30.4769964 ], [ 114.3473765, 30.476951 ], [ 114.3473802, 30.4768956 ], [ 114.3473692, 30.4768481 ], [ 114.3473478, 30.4768071 ], [ 114.3472875, 30.4767134 ], [ 114.3472578, 30.4766765 ], [ 114.347246, 30.4766441 ], [ 114.3472428, 30.4766078 ], [ 114.3472556, 30.4765672 ], [ 114.3472813, 30.476524 ], [ 114.347298, 30.4764978 ], [ 114.3473088, 30.4764618 ], [ 114.3473161, 30.4764357 ], [ 114.3473156, 30.4764002 ], [ 114.3473109, 30.4763683 ], [ 114.3472977, 30.4763363 ], [ 114.3472485, 30.4762715 ], [ 114.3471542, 30.4762035 ], [ 114.3470039, 30.4761725 ], [ 114.3468457, 30.4761769 ] ] ] } },
{ "type": "Feature", "properties": { "osm_id": "943319219", "code": 5154, "fclass": "path", "name": null, "ref": null, "oneway": "B", "maxspeed": 0, "layer": 0, "bridge": "F", "tunnel": "F" }, "geometry": { "type": "MultiLineString", "coordinates": [ [ [ 114.3439336, 30.4757795 ], [ 114.3436367, 30.4746344 ] ] ] } },
{ "type": "Feature", "properties": { "osm_id": "971627719", "code": 5121, "fclass": "unclassified", "name": null, "ref": null, "oneway": "B", "maxspeed": 0, "layer": 0, "bridge": "F", "tunnel": "F" }, "geometry": { "type": "MultiLineString", "coordinates": [ [ [ 114.348403, 30.4762739 ], [ 114.3484055, 30.4760047 ] ] ] } },
{ "type": "Feature", "properties": { "osm_id": "971627720", "code": 5121, "fclass": "unclassified", "name": null, "ref": null, "oneway": "B", "maxspeed": 0, "layer": 0, "bridge": "F", "tunnel": "F" }, "geometry": { "type": "MultiLineString", "coordinates": [ [ [ 114.3480527, 30.4764817 ], [ 114.348089, 30.4764815 ], [ 114.3484015, 30.4764795 ], [ 114.3484021, 30.4764388 ] ] ] } },
{ "type": "Feature", "properties": { "osm_id": "971627721", "code": 5121, "fclass": "unclassified", "name": null, "ref": null, "oneway": "B", "maxspeed": 0, "layer": 0, "bridge": "F", "tunnel": "F" }, "geometry": { "type": "MultiLineString", "coordinates": [ [ [ 114.3520827, 30.4775362 ], [ 114.3528369, 30.4775324 ] ] ] } },
{ "type": "Feature", "properties": { "osm_id": "971627722", "code": 5121, "fclass": "unclassified", "name": null, "ref": null, "oneway": "B", "maxspeed": 0, "layer": 0, "bridge": "F", "tunnel": "F" }, "geometry": { "type": "MultiLineString", "coordinates": [ [ [ 114.3513489, 30.4783156 ], [ 114.3513219, 30.4775396 ], [ 114.3520827, 30.4775362 ] ] ] } },
{ "type": "Feature", "properties": { "osm_id": "971627723", "code": 5121, "fclass": "unclassified", "name": null, "ref": null, "oneway": "B", "maxspeed": 0, "layer": 0, "bridge": "F", "tunnel": "F" }, "geometry": { "type": "MultiLineString", "coordinates": [ [ [ 114.3520784, 30.4760152 ], [ 114.3520803, 30.4762265 ], [ 114.3520844, 30.4767275 ], [ 114.3520827, 30.4775362 ] ] ] } },
{ "type": "Feature", "properties": { "osm_id": "1002898258", "code": 5141, "fclass": "service", "name": null, "ref": null, "oneway": "B", "maxspeed": 0, "layer": 0, "bridge": "F", "tunnel": "F" }, "geometry": { "type": "MultiLineString", "coordinates": [ [ [ 114.3547247, 30.4726852 ], [ 114.3547247, 30.4723637 ], [ 114.3547408, 30.4723186 ], [ 114.3547904, 30.4722908 ], [ 114.3552625, 30.4721672 ], [ 114.3557568, 30.4721498 ] ] ] } },
{ "type": "Feature", "properties": { "osm_id": "1002898259", "code": 5141, "fclass": "service", "name": null, "ref": null, "oneway": "B", "maxspeed": 0, "layer": 0, "bridge": "F", "tunnel": "F" }, "geometry": { "type": "MultiLineString", "coordinates": [ [ [ 114.35433, 30.4724457 ], [ 114.354018, 30.4724399 ], [ 114.3540207, 30.4722585 ], [ 114.3543281, 30.472255 ] ] ] } },
{ "type": "Feature", "properties": { "osm_id": "1002898260", "code": 5141, "fclass": "service", "name": null, "ref": null, "oneway": "B", "maxspeed": 0, "layer": 0, "bridge": "F", "tunnel": "F" }, "geometry": { "type": "MultiLineString", "coordinates": [ [ [ 114.3543278, 30.4722145 ], [ 114.3541454, 30.4722099 ], [ 114.3541414, 30.4721244 ] ] ] } },
{ "type": "Feature", "properties": { "osm_id": "1002898261", "code": 5141, "fclass": "service", "name": null, "ref": null, "oneway": "B", "maxspeed": 0, "layer": 0, "bridge": "F", "tunnel": "F" }, "geometry": { "type": "MultiLineString", "coordinates": [ [ [ 114.3543305, 30.4726879 ], [ 114.3543304, 30.4724943 ], [ 114.35433, 30.4724457 ], [ 114.3543281, 30.472255 ], [ 114.3543278, 30.4722145 ], [ 114.3543253, 30.4719644 ] ] ] } },
{ "type": "Feature", "properties": { "osm_id": "1002898262", "code": 5141, "fclass": "service", "name": null, "ref": null, "oneway": "B", "maxspeed": 0, "layer": 0, "bridge": "F", "tunnel": "F" }, "geometry": { "type": "MultiLineString", "coordinates": [ [ [ 114.3541414, 30.4726892 ], [ 114.3541454, 30.472492 ], [ 114.3543304, 30.4724943 ] ] ] } },
{ "type": "Feature", "properties": { "osm_id": "1002898280", "code": 5123, "fclass": "living_street", "name": null, "ref": null, "oneway": "B", "maxspeed": 0, "layer": 0, "bridge": "F", "tunnel": "F" }, "geometry": { "type": "MultiLineString", "coordinates": [ [ [ 114.3582538, 30.4770564 ], [ 114.3595946, 30.4770489 ] ] ] } },
{ "type": "Feature", "properties": { "osm_id": "1002898286", "code": 5153, "fclass": "footway", "name": null, "ref": null, "oneway": "B", "maxspeed": 0, "layer": 3, "bridge": "T", "tunnel": "F" }, "geometry": { "type": "MultiLineString", "coordinates": [ [ [ 114.3585549, 30.4765641 ], [ 114.3585543, 30.4767436 ] ] ] } },
{ "type": "Feature", "properties": { "osm_id": "1002898287", "code": 5153, "fclass": "footway", "name": null, "ref": null, "oneway": "B", "maxspeed": 0, "layer": 3, "bridge": "T", "tunnel": "F" }, "geometry": { "type": "MultiLineString", "coordinates": [ [ [ 114.3592349, 30.4765931 ], [ 114.3592355, 30.4764727 ] ] ] } },
{ "type": "Feature", "properties": { "osm_id": "1002898288", "code": 5153, "fclass": "footway", "name": null, "ref": null, "oneway": "B", "maxspeed": 0, "layer": 0, "bridge": "F", "tunnel": "F" }, "geometry": { "type": "MultiLineString", "coordinates": [ [ [ 114.3587149, 30.476744 ], [ 114.3587185, 30.4766749 ], [ 114.3590485, 30.4766761 ], [ 114.3590538, 30.4765339 ] ] ] } },
{ "type": "Feature", "properties": { "osm_id": "1002898289", "code": 5153, "fclass": "footway", "name": null, "ref": null, "oneway": "B", "maxspeed": 0, "layer": 0, "bridge": "F", "tunnel": "F" }, "geometry": { "type": "MultiLineString", "coordinates": [ [ [ 114.359684, 30.4765339 ], [ 114.3590538, 30.4765339 ], [ 114.3587239, 30.4765339 ], [ 114.3587185, 30.4766749 ], [ 114.3582533, 30.4766726 ] ] ] } },
{ "type": "Feature", "properties": { "osm_id": "1002898304", "code": 5153, "fclass": "footway", "name": null, "ref": null, "oneway": "B", "maxspeed": 0, "layer": 0, "bridge": "F", "tunnel": "F" }, "geometry": { "type": "MultiLineString", "coordinates": [ [ [ 114.3337193, 30.4779118 ], [ 114.3336319, 30.4779394 ], [ 114.3334019, 30.4779677 ], [ 114.3333093, 30.4780156 ], [ 114.3332624, 30.4780856 ], [ 114.333255724766587, 30.478158940876106 ] ] ] } },
{ "type": "Feature", "properties": { "osm_id": "1002898316", "code": 5121, "fclass": "unclassified", "name": null, "ref": null, "oneway": "B", "maxspeed": 0, "layer": 0, "bridge": "F", "tunnel": "F" }, "geometry": { "type": "MultiLineString", "coordinates": [ [ [ 114.3367188, 30.477099 ], [ 114.336678577368261, 30.477096675282407 ] ] ] } },
{ "type": "Feature", "properties": { "osm_id": "1012838621", "code": 5153, "fclass": "footway", "name": null, "ref": null, "oneway": "B", "maxspeed": 0, "layer": 0, "bridge": "F", "tunnel": "F" }, "geometry": { "type": "MultiLineString", "coordinates": [ [ [ 114.3386248, 30.4794962 ], [ 114.3389507, 30.4793148 ] ] ] } },
{ "type": "Feature", "properties": { "osm_id": "1012838622", "code": 5155, "fclass": "steps", "name": null, "ref": null, "oneway": "B", "maxspeed": 0, "layer": 0, "bridge": "F", "tunnel": "F" }, "geometry": { "type": "MultiLineString", "coordinates": [ [ [ 114.3390794, 30.47922 ], [ 114.3389507, 30.4793148 ] ] ] } },
{ "type": "Feature", "properties": { "osm_id": "1012838623", "code": 5155, "fclass": "steps", "name": null, "ref": null, "oneway": "B", "maxspeed": 0, "layer": 0, "bridge": "F", "tunnel": "F" }, "geometry": { "type": "MultiLineString", "coordinates": [ [ [ 114.3366278, 30.4787473 ], [ 114.3367861, 30.4787484 ] ] ] } },
{ "type": "Feature", "properties": { "osm_id": "1012838624", "code": 5155, "fclass": "steps", "name": null, "ref": null, "oneway": "B", "maxspeed": 0, "layer": 0, "bridge": "F", "tunnel": "F" }, "geometry": { "type": "MultiLineString", "coordinates": [ [ [ 114.3385899, 30.4794431 ], [ 114.338484, 30.4794939 ] ] ] } },
{ "type": "Feature", "properties": { "osm_id": "1012838625", "code": 5123, "fclass": "living_street", "name": null, "ref": null, "oneway": "B", "maxspeed": 0, "layer": 0, "bridge": "F", "tunnel": "F" }, "geometry": { "type": "MultiLineString", "coordinates": [ [ [ 114.3387193, 30.4789439 ], [ 114.3388474, 30.4789842 ], [ 114.3390794, 30.47922 ], [ 114.3395421, 30.4790154 ], [ 114.3398733, 30.4789114 ], [ 114.3400678, 30.4788559 ], [ 114.3403347, 30.47879 ], [ 114.3405735, 30.4787526 ] ] ] } },
{ "type": "Feature", "properties": { "osm_id": "1012838626", "code": 5123, "fclass": "living_street", "name": null, "ref": null, "oneway": "B", "maxspeed": 0, "layer": 0, "bridge": "F", "tunnel": "F" }, "geometry": { "type": "MultiLineString", "coordinates": [ [ [ 114.3384947, 30.4790513 ], [ 114.3387193, 30.4789439 ], [ 114.3393101, 30.4786225 ], [ 114.3393073, 30.4783483 ] ] ] } },
{ "type": "Feature", "properties": { "osm_id": "1012838627", "code": 5123, "fclass": "living_street", "name": null, "ref": null, "oneway": "B", "maxspeed": 0, "layer": 0, "bridge": "F", "tunnel": "F" }, "geometry": { "type": "MultiLineString", "coordinates": [ [ [ 114.3388189, 30.4798516 ], [ 114.3387946, 30.479808 ], [ 114.3386248, 30.4794962 ], [ 114.3385899, 30.4794431 ], [ 114.3385027, 30.4793101 ], [ 114.3384853, 30.4792281 ], [ 114.3384947, 30.4790513 ], [ 114.3383485, 30.4790536 ], [ 114.3374768, 30.4790489 ], [ 114.3366122, 30.4790536 ] ] ] } },
{ "type": "Feature", "properties": { "osm_id": "1012838628", "code": 5123, "fclass": "living_street", "name": null, "ref": null, "oneway": "B", "maxspeed": 0, "layer": 0, "bridge": "F", "tunnel": "F" }, "geometry": { "type": "MultiLineString", "coordinates": [ [ [ 114.336766, 30.4800059 ], [ 114.3367526, 30.4802902 ], [ 114.3375157, 30.4799793 ], [ 114.3376136, 30.4798638 ], [ 114.3377665, 30.4797632 ], [ 114.337969, 30.4796476 ], [ 114.3381862, 30.479576 ], [ 114.3384303, 30.4795182 ], [ 114.338484, 30.4794939 ] ] ] } },
{ "type": "Feature", "properties": { "osm_id": "1012838629", "code": 5123, "fclass": "living_street", "name": null, "ref": null, "oneway": "B", "maxspeed": 0, "layer": 0, "bridge": "F", "tunnel": "F" }, "geometry": { "type": "MultiLineString", "coordinates": [ [ [ 114.3374808, 30.4787479 ], [ 114.3374768, 30.4790489 ], [ 114.3375157, 30.4799793 ], [ 114.3386248, 30.4794962 ] ] ] } },
{ "type": "Feature", "properties": { "osm_id": "1018709391", "code": 5153, "fclass": "footway", "name": null, "ref": null, "oneway": "B", "maxspeed": 0, "layer": 0, "bridge": "F", "tunnel": "F" }, "geometry": { "type": "MultiLineString", "coordinates": [ [ [ 114.3557617, 30.4729172 ], [ 114.3560258, 30.4728138 ], [ 114.3563713, 30.472819 ], [ 114.3563902, 30.472823 ], [ 114.3565715, 30.4728611 ], [ 114.3566671, 30.4727726 ] ] ] } },
{ "type": "Feature", "properties": { "osm_id": "1018709392", "code": 5153, "fclass": "footway", "name": null, "ref": null, "oneway": "B", "maxspeed": 0, "layer": 0, "bridge": "F", "tunnel": "F" }, "geometry": { "type": "MultiLineString", "coordinates": [ [ [ 114.3560756, 30.4729409 ], [ 114.3560258, 30.4728138 ], [ 114.3560054, 30.472678 ], [ 114.3557584, 30.472678 ] ] ] } },
{ "type": "Feature", "properties": { "osm_id": "1018709393", "code": 5153, "fclass": "footway", "name": null, "ref": null, "oneway": "B", "maxspeed": 0, "layer": 0, "bridge": "F", "tunnel": "F" }, "geometry": { "type": "MultiLineString", "coordinates": [ [ [ 114.3560054, 30.472678 ], [ 114.3560664, 30.4726773 ], [ 114.3564016, 30.4726734 ], [ 114.3566652, 30.4726703 ] ] ] } },
{ "type": "Feature", "properties": { "osm_id": "1018709394", "code": 5153, "fclass": "footway", "name": null, "ref": null, "oneway": "B", "maxspeed": 0, "layer": 0, "bridge": "F", "tunnel": "F" }, "geometry": { "type": "MultiLineString", "coordinates": [ [ [ 114.3563319, 30.472938 ], [ 114.3563902, 30.472823 ], [ 114.3564016, 30.4726734 ] ] ] } },
{ "type": "Feature", "properties": { "osm_id": "1028511878", "code": 5153, "fclass": "footway", "name": null, "ref": null, "oneway": "B", "maxspeed": 0, "layer": 0, "bridge": "F", "tunnel": "F" }, "geometry": { "type": "MultiLineString", "coordinates": [ [ [ 114.343085017012129, 30.481843598265023 ], [ 114.3432491, 30.4818723 ], [ 114.3433579, 30.4819047 ], [ 114.343340798158707, 30.481968021523503 ] ] ] } },
{ "type": "Feature", "properties": { "osm_id": "1125567143", "code": 5152, "fclass": "cycleway", "name": null, "ref": null, "oneway": "B", "maxspeed": 0, "layer": 0, "bridge": "F", "tunnel": "F" }, "geometry": { "type": "MultiLineString", "coordinates": [ [ [ 114.3421492, 30.470475 ], [ 114.3419675, 30.4704996 ], [ 114.3418702, 30.4705241 ], [ 114.3418803, 30.470665 ], [ 114.3418791, 30.4707481 ], [ 114.3418214, 30.4707833 ], [ 114.3410139, 30.4709513 ], [ 114.3406101, 30.4710292 ], [ 114.3405268, 30.4710158 ], [ 114.3404552, 30.4709487 ], [ 114.3402964, 30.4708843 ], [ 114.3402092, 30.4709299 ], [ 114.3400442, 30.471158 ], [ 114.3398567, 30.471095 ], [ 114.3394568, 30.4710899 ], [ 114.3377017, 30.4711201 ], [ 114.3375549, 30.4711202 ], [ 114.3371673, 30.4712178 ], [ 114.3368739, 30.4713574 ], [ 114.3368032, 30.4715927 ], [ 114.3367655, 30.4720605 ], [ 114.3363567, 30.4721241 ], [ 114.3352579, 30.472124 ], [ 114.335128, 30.4720564 ], [ 114.3350148, 30.4719222 ], [ 114.3348685, 30.4717839 ], [ 114.3346467, 30.4716659 ], [ 114.334278, 30.4716027 ], [ 114.3340276, 30.4714424 ], [ 114.3338488, 30.4711958 ], [ 114.33373195001802, 30.471109595223972 ] ] ] } },
{ "type": "Feature", "properties": { "osm_id": "1300678384", "code": 5141, "fclass": "service", "name": null, "ref": null, "oneway": "B", "maxspeed": 0, "layer": 0, "bridge": "F", "tunnel": "F" }, "geometry": { "type": "MultiLineString", "coordinates": [ [ [ 114.3393694, 30.4769531 ], [ 114.3392701, 30.4765978 ], [ 114.3390603, 30.4758476 ] ] ] } },
{ "type": "Feature", "properties": { "osm_id": "1300678387", "code": 5141, "fclass": "service", "name": null, "ref": null, "oneway": "B", "maxspeed": 0, "layer": 0, "bridge": "F", "tunnel": "F" }, "geometry": { "type": "MultiLineString", "coordinates": [ [ [ 114.3388765, 30.4770689 ], [ 114.3387795, 30.4767138 ], [ 114.3392701, 30.4765978 ] ] ] } },
{ "type": "Feature", "properties": { "osm_id": "1300678388", "code": 5141, "fclass": "service", "name": null, "ref": null, "oneway": "B", "maxspeed": 0, "layer": 0, "bridge": "F", "tunnel": "F" }, "geometry": { "type": "MultiLineString", "coordinates": [ [ [ 114.3387795, 30.4767138 ], [ 114.3383902, 30.4767846 ] ] ] } },
{ "type": "Feature", "properties": { "osm_id": "1507130268", "code": 5122, "fclass": "residential", "name": null, "ref": null, "oneway": "B", "maxspeed": 0, "layer": 0, "bridge": "F", "tunnel": "F" }, "geometry": { "type": "MultiLineString", "coordinates": [ [ [ 114.3426156, 30.4717499 ], [ 114.3428505, 30.4717131 ], [ 114.3429133, 30.4715272 ], [ 114.3429051, 30.4713342 ], [ 114.343159, 30.4712919 ], [ 114.3431453, 30.4711084 ], [ 114.3432845, 30.4710731 ], [ 114.3433965, 30.4711248 ], [ 114.3441092, 30.4712199 ], [ 114.3442111, 30.4709438 ] ] ] } },
{ "type": "Feature", "properties": { "osm_id": "1507130269", "code": 5122, "fclass": "residential", "name": null, "ref": null, "oneway": "B", "maxspeed": 0, "layer": 0, "bridge": "F", "tunnel": "F" }, "geometry": { "type": "MultiLineString", "coordinates": [ [ [ 114.3450216, 30.4710819 ], [ 114.3455173, 30.4710341 ], [ 114.3455389, 30.4711173 ] ] ] } },
{ "type": "Feature", "properties": { "osm_id": "1507130270", "code": 5154, "fclass": "path", "name": null, "ref": null, "oneway": "B", "maxspeed": 0, "layer": 0, "bridge": "F", "tunnel": "F" }, "geometry": { "type": "MultiLineString", "coordinates": [ [ [ 114.3465085, 30.4722114 ], [ 114.3473185, 30.4722201 ], [ 114.3473225, 30.4719412 ] ] ] } },
{ "type": "Feature", "properties": { "osm_id": "1507130271", "code": 5153, "fclass": "footway", "name": null, "ref": null, "oneway": "B", "maxspeed": 0, "layer": 0, "bridge": "F", "tunnel": "F" }, "geometry": { "type": "MultiLineString", "coordinates": [ [ [ 114.3481749, 30.4707649 ], [ 114.3482135, 30.4704888 ], [ 114.3482159, 30.470291 ], [ 114.3482253, 30.4701843 ], [ 114.3482277, 30.4701104 ], [ 114.3482332, 30.4699456 ] ] ] } },
{ "type": "Feature", "properties": { "osm_id": "1507130272", "code": 5153, "fclass": "footway", "name": null, "ref": null, "oneway": "B", "maxspeed": 0, "layer": 0, "bridge": "F", "tunnel": "F" }, "geometry": { "type": "MultiLineString", "coordinates": [ [ [ 114.3482135, 30.4704888 ], [ 114.3487571, 30.4704831 ], [ 114.349332, 30.4704715 ] ] ] } },
{ "type": "Feature", "properties": { "osm_id": "1507130273", "code": 5153, "fclass": "footway", "name": null, "ref": null, "oneway": "B", "maxspeed": 0, "layer": 0, "bridge": "F", "tunnel": "F" }, "geometry": { "type": "MultiLineString", "coordinates": [ [ [ 114.357065, 30.4760322 ], [ 114.3570687, 30.4757473 ] ] ] } },
{ "type": "Feature", "properties": { "osm_id": "1507142900", "code": 5153, "fclass": "footway", "name": null, "ref": null, "oneway": "B", "maxspeed": 0, "layer": 0, "bridge": "F", "tunnel": "F" }, "geometry": { "type": "MultiLineString", "coordinates": [ [ [ 114.3461864, 30.4701593 ], [ 114.3471313, 30.4701866 ], [ 114.3472306, 30.4701292 ], [ 114.3478096, 30.4700869 ], [ 114.3481504, 30.4701041 ], [ 114.3481712, 30.4701061 ], [ 114.3482277, 30.4701104 ] ] ] } },
{ "type": "Feature", "properties": { "osm_id": "1507142902", "code": 5153, "fclass": "footway", "name": null, "ref": null, "oneway": "B", "maxspeed": 0, "layer": 0, "bridge": "F", "tunnel": "F" }, "geometry": { "type": "MultiLineString", "coordinates": [ [ [ 114.3482332, 30.4699456 ], [ 114.3482513, 30.4696652 ], [ 114.3482802, 30.4694434 ], [ 114.3482999, 30.4692057 ], [ 114.3482973, 30.4690484 ], [ 114.348394, 30.4690695 ] ] ] } },
{ "type": "Feature", "properties": { "osm_id": "1507142903", "code": 5153, "fclass": "footway", "name": null, "ref": null, "oneway": "B", "maxspeed": 0, "layer": 0, "bridge": "F", "tunnel": "F" }, "geometry": { "type": "MultiLineString", "coordinates": [ [ [ 114.3482973, 30.4690484 ], [ 114.3481975, 30.4689895 ], [ 114.3481355, 30.4688836 ] ] ] } },
{ "type": "Feature", "properties": { "osm_id": "1507142904", "code": 5153, "fclass": "footway", "name": null, "ref": null, "oneway": "B", "maxspeed": 0, "layer": 0, "bridge": "F", "tunnel": "F" }, "geometry": { "type": "MultiLineString", "coordinates": [ [ [ 114.3481096, 30.4684213 ], [ 114.3490924, 30.4677494 ] ] ] } },
{ "type": "Feature", "properties": { "osm_id": "1507142905", "code": 5154, "fclass": "path", "name": null, "ref": null, "oneway": "B", "maxspeed": 0, "layer": 0, "bridge": "F", "tunnel": "F" }, "geometry": { "type": "MultiLineString", "coordinates": [ [ [ 114.3498024, 30.4655997 ], [ 114.3500624, 30.4655484 ], [ 114.3503762, 30.4652453 ], [ 114.3505701, 30.4651447 ], [ 114.3508177, 30.4652439 ], [ 114.3511914, 30.4654383 ], [ 114.3514342, 30.4655959 ], [ 114.3515051, 30.4657386 ], [ 114.3515414, 30.4658963 ], [ 114.3517871, 30.4660061 ] ] ] } },
{ "type": "Feature", "properties": { "osm_id": "1510701942", "code": 5122, "fclass": "residential", "name": null, "ref": null, "oneway": "B", "maxspeed": 0, "layer": 0, "bridge": "F", "tunnel": "F" }, "geometry": { "type": "MultiLineString", "coordinates": [ [ [ 114.3463934, 30.4760051 ], [ 114.3463604, 30.4758979 ], [ 114.3463471, 30.4756356 ], [ 114.3464019, 30.4753652 ], [ 114.3465021, 30.4751403 ], [ 114.3465154, 30.4750312 ], [ 114.3464984, 30.4748682 ], [ 114.3464152, 30.4743843 ], [ 114.3463906, 30.4741692 ], [ 114.3463793, 30.4737489 ], [ 114.3463891, 30.4735146 ] ] ] } },
{ "type": "Feature", "properties": { "osm_id": "1510701945", "code": 5141, "fclass": "service", "name": null, "ref": null, "oneway": "B", "maxspeed": 0, "layer": 0, "bridge": "F", "tunnel": "F" }, "geometry": { "type": "MultiLineString", "coordinates": [ [ [ 114.3486759, 30.4735648 ], [ 114.3486723, 30.4734929 ], [ 114.3486905, 30.4719242 ] ] ] } },
{ "type": "Feature", "properties": { "osm_id": "1513638867", "code": 5141, "fclass": "service", "name": null, "ref": null, "oneway": "B", "maxspeed": 0, "layer": 0, "bridge": "F", "tunnel": "F" }, "geometry": { "type": "MultiLineString", "coordinates": [ [ [ 114.3507099, 30.475997 ], [ 114.3507, 30.4760576 ] ] ] } },
{ "type": "Feature", "properties": { "osm_id": "1513638884", "code": 5153, "fclass": "footway", "name": null, "ref": null, "oneway": "B", "maxspeed": 0, "layer": 0, "bridge": "F", "tunnel": "F" }, "geometry": { "type": "MultiLineString", "coordinates": [ [ [ 114.3587149, 30.476744 ], [ 114.3587149, 30.4767937 ], [ 114.3585553, 30.4767937 ], [ 114.3585543, 30.4767436 ] ] ] } },
{ "type": "Feature", "properties": { "osm_id": "1513638885", "code": 5153, "fclass": "footway", "name": null, "ref": null, "oneway": "B", "maxspeed": 0, "layer": 0, "bridge": "F", "tunnel": "F" }, "geometry": { "type": "MultiLineString", "coordinates": [ [ [ 114.3592355, 30.4764727 ], [ 114.3592352, 30.4764377 ], [ 114.3585593, 30.4764435 ], [ 114.3585549, 30.4765641 ] ] ] } }
]
}
